"Collection Name","Title#1","Name#1","Name URI#1","Resource Type#1","Resource Type URI#1","Genre#1","Genre URI#1","Place Created#1","Date Issued#1","Edition#1","Frequency#1","Language Term#1","Language Term URI#1","Language Term Type#1","Extent#1","Form#1","Form URI#1","Note#1","Subject Topic#1","Subject Topic URI#1","Subject Topic#2","Subject Topic URI#2","Subject Topic#3","Subject Topic URI#3","Subject Topic#4","Subject Topic URI#4","Subject Geographic#1","Subject Geographic URI#1","Identifier#1","Identifier LUNA#1","Identifier ARK#1","Physical Location#1","Physical Location Type#1","Internet Media Type#1","Digital Origin#1","Access Condition#1","Access Condition URI#1","ln_RECORDID","ln_RECORD_BATCHID","lnexp_MEDIAFILENAME","lnexp_PAGEURL","lnexp_IMAGEURL:4"
"Die PW Woche: Steimmen aus Lager U. Heimat","Die POW Woche 10. Ausgabe","Ofw. Albrecht, 8. Kompanie","Local","Still image","http://id.loc.gov/vocabulary/resourceTypes/img","Newsletter","https://id.loc.gov/authorities/genreForms/gf2014026131.html","Camp Carson, Colo. ","1943-10-23","10","Weekly","German","https://id.loc.gov/vocabulary/iso639-2/deu.html","ISO649-2","20 pages","weeklies (publications)","http://vocab.getty.edu/aat/300312030","From Camp to Home","Germans -- United States -- Newspapers.","http://id.loc.gov/authorities/subjects/sh2009125920","Prisoners of war -- Germany -- Newspapers","http://libraries.colorado.edu/record=b10774696~S3","Propaganda, German","http://id.loc.gov/authorities/subjects/sh85107463","World War, 1939-1945 -- Prisoners and prisons, American -- Newspapers","https://libraries.colorado.edu/search~S3?/dWorld+War%2C+1939-1945+--+Prisoners+and+prisons%2C+Am/dworld+war+++++1939+++++1945+prisoners+and+prisons+american+newspapers/-3,-1,0,B/browse","Fort Carson (Colo.)","http://id.loc.gov/authorities/names/n82075700","nspc_diePWwoche_010.pdf","https://cudl.colorado.edu//luna/servlet/detail/CUB~25~25~10~298141","https://ark.colorado.edu/ark:/47540/2f7h6r43t1dq","Special Collections and Archives at the University of Colorado Boulder Libraries","Local","application/pdf","reformatted digital","This Item is protected by copyright and/or related rights. You are free to use this Item in any way that is permitted by the copyright and related rights legislation that applies to your use. For other uses you need to obtain permission from the rights-holder(s).","https://rightsstatements.org/page/InC/1.0/?language=en","10","4890","nspc_diePWwoche_010.pdf","https://cudl.colorado.edu//luna/servlet/detail/CUB~25~25~10~298141","https://cudl.colorado.edu/MediaManager/srvr?mediafile=/MISC/CUB~25~25/4890/nspc_diePWwoche_010.pdf"
"Die PW Woche: Steimmen aus Lager U. Heimat","Die POW Woche 11. Ausgabe","Ofw. Albrecht, 8. Kompanie","Local","Still image","http://id.loc.gov/vocabulary/resourceTypes/img","Newsletter","https://id.loc.gov/authorities/genreForms/gf2014026131.html","Camp Carson, Colo. ","1943-10-30","11","Weekly","German","https://id.loc.gov/vocabulary/iso639-2/deu.html","ISO649-2","20 pages","weeklies (publications)","http://vocab.getty.edu/aat/300312030","From Camp to Home","Germans -- United States -- Newspapers.","http://id.loc.gov/authorities/subjects/sh2009125920","Prisoners of war -- Germany -- Newspapers","http://libraries.colorado.edu/record=b10774696~S3","Propaganda, German","http://id.loc.gov/authorities/subjects/sh85107463","World War, 1939-1945 -- Prisoners and prisons, American -- Newspapers","https://libraries.colorado.edu/search~S3?/dWorld+War%2C+1939-1945+--+Prisoners+and+prisons%2C+Am/dworld+war+++++1939+++++1945+prisoners+and+prisons+american+newspapers/-3,-1,0,B/browse","Fort Carson (Colo.)","http://id.loc.gov/authorities/names/n82075700","nspc_diePWwoche_011.pdf","https://cudl.colorado.edu//luna/servlet/detail/CUB~25~25~11~298139","https://ark.colorado.edu/ark:/47540/sv326563d9nj","Special Collections and Archives at the University of Colorado Boulder Libraries","Local","application/pdf","reformatted digital","This Item is protected by copyright and/or related rights. You are free to use this Item in any way that is permitted by the copyright and related rights legislation that applies to your use. For other uses you need to obtain permission from the rights-holder(s).","https://rightsstatements.org/page/InC/1.0/?language=en","11","4890","nspc_diePWwoche_011.pdf","https://cudl.colorado.edu//luna/servlet/detail/CUB~25~25~11~298139","https://cudl.colorado.edu/MediaManager/srvr?mediafile=/MISC/CUB~25~25/4890/nspc_diePWwoche_011.pdf"
"Die PW Woche: Steimmen aus Lager U. Heimat","Die POW Woche 12. Ausgabe","Ofw. Albrecht, 8. Kompanie","Local","Still image","http://id.loc.gov/vocabulary/resourceTypes/img","Newsletter","https://id.loc.gov/authorities/genreForms/gf2014026131.html","Camp Carson, Colo. ","1943-11-06","12","Weekly","German","https://id.loc.gov/vocabulary/iso639-2/deu.html","ISO649-2","20 pages","weeklies (publications)","http://vocab.getty.edu/aat/300312030","From Camp to Home","Germans -- United States -- Newspapers.","http://id.loc.gov/authorities/subjects/sh2009125920","Prisoners of war -- Germany -- Newspapers","http://libraries.colorado.edu/record=b10774696~S3","Propaganda, German","http://id.loc.gov/authorities/subjects/sh85107463","World War, 1939-1945 -- Prisoners and prisons, American -- Newspapers","https://libraries.colorado.edu/search~S3?/dWorld+War%2C+1939-1945+--+Prisoners+and+prisons%2C+Am/dworld+war+++++1939+++++1945+prisoners+and+prisons+american+newspapers/-3,-1,0,B/browse","Fort Carson (Colo.)","http://id.loc.gov/authorities/names/n82075700","nspc_diePWwoche_012.pdf","https://cudl.colorado.edu//luna/servlet/detail/CUB~25~25~12~298137","https://ark.colorado.edu/ark:/47540/ws6z6279v5wb","Special Collections and Archives at the University of Colorado Boulder Libraries","Local","application/pdf","reformatted digital","This Item is protected by copyright and/or related rights. You are free to use this Item in any way that is permitted by the copyright and related rights legislation that applies to your use. For other uses you need to obtain permission from the rights-holder(s).","https://rightsstatements.org/page/InC/1.0/?language=en","12","4890","nspc_diePWwoche_012.pdf","https://cudl.colorado.edu//luna/servlet/detail/CUB~25~25~12~298137","https://cudl.colorado.edu/MediaManager/srvr?mediafile=/MISC/CUB~25~25/4890/nspc_diePWwoche_012.pdf"
"Die PW Woche: Steimmen aus Lager U. Heimat","Die POW Woche 13. Ausgabe","Ofw. Albrecht, 8. Kompanie","Local","Still image","http://id.loc.gov/vocabulary/resourceTypes/img","Newsletter","https://id.loc.gov/authorities/genreForms/gf2014026131.html","Camp Carson, Colo. ","1943-11-13","13","Weekly","German","https://id.loc.gov/vocabulary/iso639-2/deu.html","ISO649-2","20 pages","weeklies (publications)","http://vocab.getty.edu/aat/300312030","From Camp to Home","Germans -- United States -- Newspapers.","http://id.loc.gov/authorities/subjects/sh2009125920","Prisoners of war -- Germany -- Newspapers","http://libraries.colorado.edu/record=b10774696~S3","Propaganda, German","http://id.loc.gov/authorities/subjects/sh85107463","World War, 1939-1945 -- Prisoners and prisons, American -- Newspapers","https://libraries.colorado.edu/search~S3?/dWorld+War%2C+1939-1945+--+Prisoners+and+prisons%2C+Am/dworld+war+++++1939+++++1945+prisoners+and+prisons+american+newspapers/-3,-1,0,B/browse","Fort Carson (Colo.)","http://id.loc.gov/authorities/names/n82075700","nspc_diePWwoche_013.pdf","https://cudl.colorado.edu//luna/servlet/detail/CUB~25~25~13~298135","https://ark.colorado.edu/ark:/47540/jb2x6d56j28p","Special Collections and Archives at the University of Colorado Boulder Libraries","Local","application/pdf","reformatted digital","This Item is protected by copyright and/or related rights. You are free to use this Item in any way that is permitted by the copyright and related rights legislation that applies to your use. For other uses you need to obtain permission from the rights-holder(s).","https://rightsstatements.org/page/InC/1.0/?language=en","13","4890","nspc_diePWwoche_013.pdf","https://cudl.colorado.edu//luna/servlet/detail/CUB~25~25~13~298135","https://cudl.colorado.edu/MediaManager/srvr?mediafile=/MISC/CUB~25~25/4890/nspc_diePWwoche_013.pdf"
"Die PW Woche: Steimmen aus Lager U. Heimat","Die POW Woche 14. Ausgabe","Ofw. Albrecht, 8. Kompanie","Local","Still image","http://id.loc.gov/vocabulary/resourceTypes/img","Newsletter","https://id.loc.gov/authorities/genreForms/gf2014026131.html","Camp Carson, Colo. ","1943-11-20","14","Weekly","German","https://id.loc.gov/vocabulary/iso639-2/deu.html","ISO649-2","20 pages","weeklies (publications)","http://vocab.getty.edu/aat/300312030","From Camp to Home","Germans -- United States -- Newspapers.","http://id.loc.gov/authorities/subjects/sh2009125920","Prisoners of war -- Germany -- Newspapers","http://libraries.colorado.edu/record=b10774696~S3","Propaganda, German","http://id.loc.gov/authorities/subjects/sh85107463","World War, 1939-1945 -- Prisoners and prisons, American -- Newspapers","https://libraries.colorado.edu/search~S3?/dWorld+War%2C+1939-1945+--+Prisoners+and+prisons%2C+Am/dworld+war+++++1939+++++1945+prisoners+and+prisons+american+newspapers/-3,-1,0,B/browse","Fort Carson (Colo.)","http://id.loc.gov/authorities/names/n82075700","nspc_diePWwoche_014.pdf","https://cudl.colorado.edu//luna/servlet/detail/CUB~25~25~14~298133","https://ark.colorado.edu/ark:/47540/md3v3b12z860","Special Collections and Archives at the University of Colorado Boulder Libraries","Local","application/pdf","reformatted digital","This Item is protected by copyright and/or related rights. You are free to use this Item in any way that is permitted by the copyright and related rights legislation that applies to your use. For other uses you need to obtain permission from the rights-holder(s).","https://rightsstatements.org/page/InC/1.0/?language=en","14","4890","nspc_diePWwoche_014.pdf","https://cudl.colorado.edu//luna/servlet/detail/CUB~25~25~14~298133","https://cudl.colorado.edu/MediaManager/srvr?mediafile=/MISC/CUB~25~25/4890/nspc_diePWwoche_014.pdf"
"Die PW Woche: Steimmen aus Lager U. Heimat","Die POW Woche 15. Ausgabe","Ofw. Albrecht, 8. Kompanie","Local","Still image","http://id.loc.gov/vocabulary/resourceTypes/img","Newsletter","https://id.loc.gov/authorities/genreForms/gf2014026131.html","Camp Carson, Colo. ","1943-11-27","15","Weekly","German","https://id.loc.gov/vocabulary/iso639-2/deu.html","ISO649-2","20 pages","weeklies (publications)","http://vocab.getty.edu/aat/300312030","From Camp to Home","Germans -- United States -- Newspapers.","http://id.loc.gov/authorities/subjects/sh2009125920","Prisoners of war -- Germany -- Newspapers","http://libraries.colorado.edu/record=b10774696~S3","Propaganda, German","http://id.loc.gov/authorities/subjects/sh85107463","World War, 1939-1945 -- Prisoners and prisons, American -- Newspapers","https://libraries.colorado.edu/search~S3?/dWorld+War%2C+1939-1945+--+Prisoners+and+prisons%2C+Am/dworld+war+++++1939+++++1945+prisoners+and+prisons+american+newspapers/-3,-1,0,B/browse","Fort Carson (Colo.)","http://id.loc.gov/authorities/names/n82075700","nspc_diePWwoche_015.pdf","https://cudl.colorado.edu//luna/servlet/detail/CUB~25~25~15~298131","https://ark.colorado.edu/ark:/47540/sb236c51c1p5","Special Collections and Archives at the University of Colorado Boulder Libraries","Local","application/pdf","reformatted digital","This Item is protected by copyright and/or related rights. You are free to use this Item in any way that is permitted by the copyright and related rights legislation that applies to your use. For other uses you need to obtain permission from the rights-holder(s).","https://rightsstatements.org/page/InC/1.0/?language=en","15","4890","nspc_diePWwoche_015.pdf","https://cudl.colorado.edu//luna/servlet/detail/CUB~25~25~15~298131","https://cudl.colorado.edu/MediaManager/srvr?mediafile=/MISC/CUB~25~25/4890/nspc_diePWwoche_015.pdf"
"Die PW Woche: Steimmen aus Lager U. Heimat","Die POW Woche 16. Ausgabe","Ofw. Albrecht, 8. Kompanie","Local","Still image","http://id.loc.gov/vocabulary/resourceTypes/img","Newsletter","https://id.loc.gov/authorities/genreForms/gf2014026131.html","Camp Carson, Colo. ","1943-12-04","16","Weekly","German","https://id.loc.gov/vocabulary/iso639-2/deu.html","ISO649-2","20 pages","weeklies (publications)","http://vocab.getty.edu/aat/300312030","From Camp to Home","Germans -- United States -- Newspapers.","http://id.loc.gov/authorities/subjects/sh2009125920","Prisoners of war -- Germany -- Newspapers","http://libraries.colorado.edu/record=b10774696~S3","Propaganda, German","http://id.loc.gov/authorities/subjects/sh85107463","World War, 1939-1945 -- Prisoners and prisons, American -- Newspapers","https://libraries.colorado.edu/search~S3?/dWorld+War%2C+1939-1945+--+Prisoners+and+prisons%2C+Am/dworld+war+++++1939+++++1945+prisoners+and+prisons+american+newspapers/-3,-1,0,B/browse","Fort Carson (Colo.)","http://id.loc.gov/authorities/names/n82075700","nspc_diePWwoche_016.pdf","https://cudl.colorado.edu//luna/servlet/detail/CUB~25~25~16~298129","https://ark.colorado.edu/ark:/47540/cw915q85t6hr","Special Collections and Archives at the University of Colorado Boulder Libraries","Local","application/pdf","reformatted digital","This Item is protected by copyright and/or related rights. You are free to use this Item in any way that is permitted by the copyright and related rights legislation that applies to your use. For other uses you need to obtain permission from the rights-holder(s).","https://rightsstatements.org/page/InC/1.0/?language=en","16","4890","nspc_diePWwoche_016.pdf","https://cudl.colorado.edu//luna/servlet/detail/CUB~25~25~16~298129","https://cudl.colorado.edu/MediaManager/srvr?mediafile=/MISC/CUB~25~25/4890/nspc_diePWwoche_016.pdf"
"Die PW Woche: Steimmen aus Lager U. Heimat","Die POW Woche 17. Ausgabe","Ofw. Albrecht, 8. Kompanie","Local","Still image","http://id.loc.gov/vocabulary/resourceTypes/img","Newsletter","https://id.loc.gov/authorities/genreForms/gf2014026131.html","Camp Carson, Colo. ","1943-12-11","17","Weekly","German","https://id.loc.gov/vocabulary/iso639-2/deu.html","ISO649-2","20 pages","weeklies (publications)","http://vocab.getty.edu/aat/300312030","From Camp to Home","Germans -- United States -- Newspapers.","http://id.loc.gov/authorities/subjects/sh2009125920","Prisoners of war -- Germany -- Newspapers","http://libraries.colorado.edu/record=b10774696~S3","Propaganda, German","http://id.loc.gov/authorities/subjects/sh85107463","World War, 1939-1945 -- Prisoners and prisons, American -- Newspapers","https://libraries.colorado.edu/search~S3?/dWorld+War%2C+1939-1945+--+Prisoners+and+prisons%2C+Am/dworld+war+++++1939+++++1945+prisoners+and+prisons+american+newspapers/-3,-1,0,B/browse","Fort Carson (Colo.)","http://id.loc.gov/authorities/names/n82075700","nspc_diePWwoche_017.pdf","https://cudl.colorado.edu//luna/servlet/detail/CUB~25~25~17~298127","https://ark.colorado.edu/ark:/47540/1w5g9973h608","Special Collections and Archives at the University of Colorado Boulder Libraries","Local","application/pdf","reformatted digital","This Item is protected by copyright and/or related rights. You are free to use this Item in any way that is permitted by the copyright and related rights legislation that applies to your use. For other uses you need to obtain permission from the rights-holder(s).","https://rightsstatements.org/page/InC/1.0/?language=en","17","4890","nspc_diePWwoche_017.pdf","https://cudl.colorado.edu//luna/servlet/detail/CUB~25~25~17~298127","https://cudl.colorado.edu/MediaManager/srvr?mediafile=/MISC/CUB~25~25/4890/nspc_diePWwoche_017.pdf"
"Die PW Woche: Steimmen aus Lager U. Heimat","Die POW Woche 18. Ausgabe","Ofw. Albrecht, 8. Kompanie","Local","Still image","http://id.loc.gov/vocabulary/resourceTypes/img","Newsletter","https://id.loc.gov/authorities/genreForms/gf2014026131.html","Camp Carson, Colo. ","1943-12-18","18","Weekly","German","https://id.loc.gov/vocabulary/iso639-2/deu.html","ISO649-2","20 pages","weeklies (publications)","http://vocab.getty.edu/aat/300312030","From Camp to Home","Germans -- United States -- Newspapers.","http://id.loc.gov/authorities/subjects/sh2009125920","Prisoners of war -- Germany -- Newspapers","http://libraries.colorado.edu/record=b10774696~S3","Propaganda, German","http://id.loc.gov/authorities/subjects/sh85107463","World War, 1939-1945 -- Prisoners and prisons, American -- Newspapers","https://libraries.colorado.edu/search~S3?/dWorld+War%2C+1939-1945+--+Prisoners+and+prisons%2C+Am/dworld+war+++++1939+++++1945+prisoners+and+prisons+american+newspapers/-3,-1,0,B/browse","Fort Carson (Colo.)","http://id.loc.gov/authorities/names/n82075700","nspc_diePWwoche_018.pdf","https://cudl.colorado.edu//luna/servlet/detail/CUB~25~25~18~298125","https://ark.colorado.edu/ark:/47540/500f9v53n8hv","Special Collections and Archives at the University of Colorado Boulder Libraries","Local","application/pdf","reformatted digital","This Item is protected by copyright and/or related rights. You are free to use this Item in any way that is permitted by the copyright and related rights legislation that applies to your use. For other uses you need to obtain permission from the rights-holder(s).","https://rightsstatements.org/page/InC/1.0/?language=en","18","4890","nspc_diePWwoche_018.pdf","https://cudl.colorado.edu//luna/servlet/detail/CUB~25~25~18~298125","https://cudl.colorado.edu/MediaManager/srvr?mediafile=/MISC/CUB~25~25/4890/nspc_diePWwoche_018.pdf"
"Die PW Woche: Steimmen aus Lager U. Heimat","Die POW Woche 19. Ausgabe","Ofw. Albrecht, 8. Kompanie","Local","Still image","http://id.loc.gov/vocabulary/resourceTypes/img","Newsletter","https://id.loc.gov/authorities/genreForms/gf2014026131.html","Camp Carson, Colo. ","1943-12-24","19","Weekly","German","https://id.loc.gov/vocabulary/iso639-2/deu.html","ISO649-2","26 pages","weeklies (publications)","http://vocab.getty.edu/aat/300312030","From Camp to Home","Germans -- United States -- Newspapers.","http://id.loc.gov/authorities/subjects/sh2009125920","Prisoners of war -- Germany -- Newspapers","http://libraries.colorado.edu/record=b10774696~S3","Propaganda, German","http://id.loc.gov/authorities/subjects/sh85107463","World War, 1939-1945 -- Prisoners and prisons, American -- Newspapers","https://libraries.colorado.edu/search~S3?/dWorld+War%2C+1939-1945+--+Prisoners+and+prisons%2C+Am/dworld+war+++++1939+++++1945+prisoners+and+prisons+american+newspapers/-3,-1,0,B/browse","Fort Carson (Colo.)","http://id.loc.gov/authorities/names/n82075700","nspc_diePWwoche_019.pdf","https://cudl.colorado.edu//luna/servlet/detail/CUB~25~25~19~298123","https://ark.colorado.edu/ark:/47540/bx431m64053s","Special Collections and Archives at the University of Colorado Boulder Libraries","Local","application/pdf","reformatted digital","This Item is protected by copyright and/or related rights. You are free to use this Item in any way that is permitted by the copyright and related rights legislation that applies to your use. For other uses you need to obtain permission from the rights-holder(s).","https://rightsstatements.org/page/InC/1.0/?language=en","19","4890","nspc_diePWwoche_019.pdf","https://cudl.colorado.edu//luna/servlet/detail/CUB~25~25~19~298123","https://cudl.colorado.edu/MediaManager/srvr?mediafile=/MISC/CUB~25~25/4890/nspc_diePWwoche_019.pdf"
"Die PW Woche: Steimmen aus Lager U. Heimat","Die POW Woche 20. Ausgabe","Ofw. Albrecht, 8. Kompanie","Local","Still image","http://id.loc.gov/vocabulary/resourceTypes/img","Newsletter","https://id.loc.gov/authorities/genreForms/gf2014026131.html","Camp Carson, Colo. ","1944-01-01","20","Weekly","German","https://id.loc.gov/vocabulary/iso639-2/deu.html","ISO649-2","14 pages","weeklies (publications)","http://vocab.getty.edu/aat/300312030","From Camp to Home","Germans -- United States -- Newspapers.","http://id.loc.gov/authorities/subjects/sh2009125920","Prisoners of war -- Germany -- Newspapers","http://libraries.colorado.edu/record=b10774696~S3","Propaganda, German","http://id.loc.gov/authorities/subjects/sh85107463","World War, 1939-1945 -- Prisoners and prisons, American -- Newspapers","https://libraries.colorado.edu/search~S3?/dWorld+War%2C+1939-1945+--+Prisoners+and+prisons%2C+Am/dworld+war+++++1939+++++1945+prisoners+and+prisons+american+newspapers/-3,-1,0,B/browse","Fort Carson (Colo.)","http://id.loc.gov/authorities/names/n82075700","nspc_diePWwoche_020.pdf","https://cudl.colorado.edu//luna/servlet/detail/CUB~25~25~20~298161","https://ark.colorado.edu/ark:/47540/5h508n58c9fv","Special Collections and Archives at the University of Colorado Boulder Libraries","Local","application/pdf","reformatted digital","This Item is protected by copyright and/or related rights. You are free to use this Item in any way that is permitted by the copyright and related rights legislation that applies to your use. For other uses you need to obtain permission from the rights-holder(s).","https://rightsstatements.org/page/InC/1.0/?language=en","20","4890","nspc_diePWwoche_020.pdf","https://cudl.colorado.edu//luna/servlet/detail/CUB~25~25~20~298161","https://cudl.colorado.edu/MediaManager/srvr?mediafile=/MISC/CUB~25~25/4890/nspc_diePWwoche_020.pdf"
"Die PW Woche: Steimmen aus Lager U. Heimat","Die POW Woche 21. Ausgabe","Ofw. Albrecht, 8. Kompanie","Local","Still image","http://id.loc.gov/vocabulary/resourceTypes/img","Newsletter","https://id.loc.gov/authorities/genreForms/gf2014026131.html","Camp Carson, Colo. ","1944-01-08","21","Weekly","German","https://id.loc.gov/vocabulary/iso639-2/deu.html","ISO649-2","22 pages","weeklies (publications)","http://vocab.getty.edu/aat/300312030","From Camp to Home","Germans -- United States -- Newspapers.","http://id.loc.gov/authorities/subjects/sh2009125920","Prisoners of war -- Germany -- Newspapers","http://libraries.colorado.edu/record=b10774696~S3","Propaganda, German","http://id.loc.gov/authorities/subjects/sh85107463","World War, 1939-1945 -- Prisoners and prisons, American -- Newspapers","https://libraries.colorado.edu/search~S3?/dWorld+War%2C+1939-1945+--+Prisoners+and+prisons%2C+Am/dworld+war+++++1939+++++1945+prisoners+and+prisons+american+newspapers/-3,-1,0,B/browse","Fort Carson (Colo.)","http://id.loc.gov/authorities/names/n82075700","nspc_diePWwoche_021.pdf","https://cudl.colorado.edu//luna/servlet/detail/CUB~25~25~21~298121","https://ark.colorado.edu/ark:/47540/0k5d9g30q1vp","Special Collections and Archives at the University of Colorado Boulder Libraries","Local","application/pdf","reformatted digital","This Item is protected by copyright and/or related rights. You are free to use this Item in any way that is permitted by the copyright and related rights legislation that applies to your use. For other uses you need to obtain permission from the rights-holder(s).","https://rightsstatements.org/page/InC/1.0/?language=en","21","4890","nspc_diePWwoche_021.pdf","https://cudl.colorado.edu//luna/servlet/detail/CUB~25~25~21~298121","https://cudl.colorado.edu/MediaManager/srvr?mediafile=/MISC/CUB~25~25/4890/nspc_diePWwoche_021.pdf"
"Die PW Woche: Steimmen aus Lager U. Heimat","Die POW Woche 22. Ausgabe","Ofw. Albrecht, 8. Kompanie","Local","Still image","http://id.loc.gov/vocabulary/resourceTypes/img","Newsletter","https://id.loc.gov/authorities/genreForms/gf2014026131.html","Camp Carson, Colo. ","1944-01-15","22","Weekly","German","https://id.loc.gov/vocabulary/iso639-2/deu.html","ISO649-2","20 pages","weeklies (publications)","http://vocab.getty.edu/aat/300312030","From Camp to Home","Germans -- United States -- Newspapers.","http://id.loc.gov/authorities/subjects/sh2009125920","Prisoners of war -- Germany -- Newspapers","http://libraries.colorado.edu/record=b10774696~S3","Propaganda, German","http://id.loc.gov/authorities/subjects/sh85107463","World War, 1939-1945 -- Prisoners and prisons, American -- Newspapers","https://libraries.colorado.edu/search~S3?/dWorld+War%2C+1939-1945+--+Prisoners+and+prisons%2C+Am/dworld+war+++++1939+++++1945+prisoners+and+prisons+american+newspapers/-3,-1,0,B/browse","Fort Carson (Colo.)","http://id.loc.gov/authorities/names/n82075700","nspc_diePWwoche_022.pdf","https://cudl.colorado.edu//luna/servlet/detail/CUB~25~25~22~298118","https://ark.colorado.edu/ark:/47540/797m7224c08x","Special Collections and Archives at the University of Colorado Boulder Libraries","Local","application/pdf","reformatted digital","This Item is protected by copyright and/or related rights. You are free to use this Item in any way that is permitted by the copyright and related rights legislation that applies to your use. For other uses you need to obtain permission from the rights-holder(s).","https://rightsstatements.org/page/InC/1.0/?language=en","22","4890","nspc_diePWwoche_022.pdf","https://cudl.colorado.edu//luna/servlet/detail/CUB~25~25~22~298118","https://cudl.colorado.edu/MediaManager/srvr?mediafile=/MISC/CUB~25~25/4890/nspc_diePWwoche_022.pdf"
"Die PW Woche: Steimmen aus Lager U. Heimat","Die POW Woche 23. Ausgabe","Ofw. Albrecht, 8. Kompanie","Local","Still image","http://id.loc.gov/vocabulary/resourceTypes/img","Newsletter","https://id.loc.gov/authorities/genreForms/gf2014026131.html","Camp Carson, Colo. ","1944-01-22","23","Weekly","German","https://id.loc.gov/vocabulary/iso639-2/deu.html","ISO649-2","20 pages","weeklies (publications)","http://vocab.getty.edu/aat/300312030","From Camp to Home","Germans -- United States -- Newspapers.","http://id.loc.gov/authorities/subjects/sh2009125920","Prisoners of war -- Germany -- Newspapers","http://libraries.colorado.edu/record=b10774696~S3","Propaganda, German","http://id.loc.gov/authorities/subjects/sh85107463","World War, 1939-1945 -- Prisoners and prisons, American -- Newspapers","https://libraries.colorado.edu/search~S3?/dWorld+War%2C+1939-1945+--+Prisoners+and+prisons%2C+Am/dworld+war+++++1939+++++1945+prisoners+and+prisons+american+newspapers/-3,-1,0,B/browse","Fort Carson (Colo.)","http://id.loc.gov/authorities/names/n82075700","nspc_diePWwoche_023.pdf","https://cudl.colorado.edu//luna/servlet/detail/CUB~25~25~23~298116","https://ark.colorado.edu/ark:/47540/ss0n6c188416","Special Collections and Archives at the University of Colorado Boulder Libraries","Local","application/pdf","reformatted digital","This Item is protected by copyright and/or related rights. You are free to use this Item in any way that is permitted by the copyright and related rights legislation that applies to your use. For other uses you need to obtain permission from the rights-holder(s).","https://rightsstatements.org/page/InC/1.0/?language=en","23","4890","nspc_diePWwoche_023.pdf","https://cudl.colorado.edu//luna/servlet/detail/CUB~25~25~23~298116","https://cudl.colorado.edu/MediaManager/srvr?mediafile=/MISC/CUB~25~25/4890/nspc_diePWwoche_023.pdf"
"Die PW Woche: Steimmen aus Lager U. Heimat","Die POW Woche 24. Ausgabe","Ofw. Albrecht, 8. Kompanie","Local","Still image","http://id.loc.gov/vocabulary/resourceTypes/img","Newsletter","https://id.loc.gov/authorities/genreForms/gf2014026131.html","Camp Carson, Colo. ","1944-01-29","24","Weekly","German","https://id.loc.gov/vocabulary/iso639-2/deu.html","ISO649-2","20 pages","weeklies (publications)","http://vocab.getty.edu/aat/300312030","From Camp to Home","Germans -- United States -- Newspapers.","http://id.loc.gov/authorities/subjects/sh2009125920","Prisoners of war -- Germany -- Newspapers","http://libraries.colorado.edu/record=b10774696~S3","Propaganda, German","http://id.loc.gov/authorities/subjects/sh85107463","World War, 1939-1945 -- Prisoners and prisons, American -- Newspapers","https://libraries.colorado.edu/search~S3?/dWorld+War%2C+1939-1945+--+Prisoners+and+prisons%2C+Am/dworld+war+++++1939+++++1945+prisoners+and+prisons+american+newspapers/-3,-1,0,B/browse","Fort Carson (Colo.)","http://id.loc.gov/authorities/names/n82075700","nspc_diePWwoche_024.pdf","https://cudl.colorado.edu//luna/servlet/detail/CUB~25~25~24~298112","https://ark.colorado.edu/ark:/47540/750p7c50m3rz","Special Collections and Archives at the University of Colorado Boulder Libraries","Local","application/pdf","reformatted digital","This Item is protected by copyright and/or related rights. You are free to use this Item in any way that is permitted by the copyright and related rights legislation that applies to your use. For other uses you need to obtain permission from the rights-holder(s).","https://rightsstatements.org/page/InC/1.0/?language=en","24","4890","nspc_diePWwoche_024.pdf","https://cudl.colorado.edu//luna/servlet/detail/CUB~25~25~24~298112","https://cudl.colorado.edu/MediaManager/srvr?mediafile=/MISC/CUB~25~25/4890/nspc_diePWwoche_024.pdf"
"Die PW Woche: Steimmen aus Lager U. Heimat","Die POW Woche 25. Ausgabe","Ofw. Albrecht, 8. Kompanie","Local","Still image","http://id.loc.gov/vocabulary/resourceTypes/img","Newsletter","https://id.loc.gov/authorities/genreForms/gf2014026131.html","Camp Carson, Colo. ","1944-02-05","25","Weekly","German","https://id.loc.gov/vocabulary/iso639-2/deu.html","ISO649-2","20 pages","weeklies (publications)","http://vocab.getty.edu/aat/300312030","From Camp to Home","Germans -- United States -- Newspapers.","http://id.loc.gov/authorities/subjects/sh2009125920","Prisoners of war -- Germany -- Newspapers","http://libraries.colorado.edu/record=b10774696~S3","Propaganda, German","http://id.loc.gov/authorities/subjects/sh85107463","World War, 1939-1945 -- Prisoners and prisons, American -- Newspapers","https://libraries.colorado.edu/search~S3?/dWorld+War%2C+1939-1945+--+Prisoners+and+prisons%2C+Am/dworld+war+++++1939+++++1945+prisoners+and+prisons+american+newspapers/-3,-1,0,B/browse","Fort Carson (Colo.)","http://id.loc.gov/authorities/names/n82075700","nspc_diePWwoche_025.pdf","https://cudl.colorado.edu//luna/servlet/detail/CUB~25~25~25~298110","https://ark.colorado.edu/ark:/47540/5s6b0969h21r","Special Collections and Archives at the University of Colorado Boulder Libraries","Local","application/pdf","reformatted digital","This Item is protected by copyright and/or related rights. You are free to use this Item in any way that is permitted by the copyright and related rights legislation that applies to your use. For other uses you need to obtain permission from the rights-holder(s).","https://rightsstatements.org/page/InC/1.0/?language=en","25","4890","nspc_diePWwoche_025.pdf","https://cudl.colorado.edu//luna/servlet/detail/CUB~25~25~25~298110","https://cudl.colorado.edu/MediaManager/srvr?mediafile=/MISC/CUB~25~25/4890/nspc_diePWwoche_025.pdf"
"Die PW Woche: Steimmen aus Lager U. Heimat","Die POW Woche 26. Ausgabe","Ofw. Albrecht, 8. Kompanie","Local","Still image","http://id.loc.gov/vocabulary/resourceTypes/img","Newsletter","https://id.loc.gov/authorities/genreForms/gf2014026131.html","Camp Carson, Colo. ","1944-02-12","26","Weekly","German","https://id.loc.gov/vocabulary/iso639-2/deu.html","ISO649-2","22 pages","weeklies (publications)","http://vocab.getty.edu/aat/300312030","From Camp to Home","Germans -- United States -- Newspapers.","http://id.loc.gov/authorities/subjects/sh2009125920","Prisoners of war -- Germany -- Newspapers","http://libraries.colorado.edu/record=b10774696~S3","Propaganda, German","http://id.loc.gov/authorities/subjects/sh85107463","World War, 1939-1945 -- Prisoners and prisons, American -- Newspapers","https://libraries.colorado.edu/search~S3?/dWorld+War%2C+1939-1945+--+Prisoners+and+prisons%2C+Am/dworld+war+++++1939+++++1945+prisoners+and+prisons+american+newspapers/-3,-1,0,B/browse","Fort Carson (Colo.)","http://id.loc.gov/authorities/names/n82075700","nspc_diePWwoche_026.pdf","https://cudl.colorado.edu//luna/servlet/detail/CUB~25~25~26~298108","https://ark.colorado.edu/ark:/47540/w75w5r68k0ds","Special Collections and Archives at the University of Colorado Boulder Libraries","Local","application/pdf","reformatted digital","This Item is protected by copyright and/or related rights. You are free to use this Item in any way that is permitted by the copyright and related rights legislation that applies to your use. For other uses you need to obtain permission from the rights-holder(s).","https://rightsstatements.org/page/InC/1.0/?language=en","26","4890","nspc_diePWwoche_026.pdf","https://cudl.colorado.edu//luna/servlet/detail/CUB~25~25~26~298108","https://cudl.colorado.edu/MediaManager/srvr?mediafile=/MISC/CUB~25~25/4890/nspc_diePWwoche_026.pdf"
"Die PW Woche: Steimmen aus Lager U. Heimat","Die POW Woche 27. Ausgabe","Ofw. Albrecht, 8. Kompanie","Local","Still image","http://id.loc.gov/vocabulary/resourceTypes/img","Newsletter","https://id.loc.gov/authorities/genreForms/gf2014026131.html","Camp Carson, Colo. ","1944-02-19","27","Weekly","German","https://id.loc.gov/vocabulary/iso639-2/deu.html","ISO649-2","20 pages","weeklies (publications)","http://vocab.getty.edu/aat/300312030","From Camp to Home","Germans -- United States -- Newspapers.","http://id.loc.gov/authorities/subjects/sh2009125920","Prisoners of war -- Germany -- Newspapers","http://libraries.colorado.edu/record=b10774696~S3","Propaganda, German","http://id.loc.gov/authorities/subjects/sh85107463","World War, 1939-1945 -- Prisoners and prisons, American -- Newspapers","https://libraries.colorado.edu/search~S3?/dWorld+War%2C+1939-1945+--+Prisoners+and+prisons%2C+Am/dworld+war+++++1939+++++1945+prisoners+and+prisons+american+newspapers/-3,-1,0,B/browse","Fort Carson (Colo.)","http://id.loc.gov/authorities/names/n82075700","nspc_diePWwoche_027.pdf","https://cudl.colorado.edu//luna/servlet/detail/CUB~25~25~27~298106","https://ark.colorado.edu/ark:/47540/280s646701dw","Special Collections and Archives at the University of Colorado Boulder Libraries","Local","application/pdf","reformatted digital","This Item is protected by copyright and/or related rights. You are free to use this Item in any way that is permitted by the copyright and related rights legislation that applies to your use. For other uses you need to obtain permission from the rights-holder(s).","https://rightsstatements.org/page/InC/1.0/?language=en","27","4890","nspc_diePWwoche_027.pdf","https://cudl.colorado.edu//luna/servlet/detail/CUB~25~25~27~298106","https://cudl.colorado.edu/MediaManager/srvr?mediafile=/MISC/CUB~25~25/4890/nspc_diePWwoche_027.pdf"
"Die PW Woche: Steimmen aus Lager U. Heimat","Die POW Woche 29. Ausgabe","Ofw. Albrecht, 8. Kompanie","Local","Still image","http://id.loc.gov/vocabulary/resourceTypes/img","Newsletter","https://id.loc.gov/authorities/genreForms/gf2014026131.html","Camp Carson, Colo. ","1944-03-04","29","Weekly","German","https://id.loc.gov/vocabulary/iso639-2/deu.html","ISO649-2","20 pages","weeklies (publications)","http://vocab.getty.edu/aat/300312030","From Camp to Home","Germans -- United States -- Newspapers.","http://id.loc.gov/authorities/subjects/sh2009125920","Prisoners of war -- Germany -- Newspapers","http://libraries.colorado.edu/record=b10774696~S3","Propaganda, German","http://id.loc.gov/authorities/subjects/sh85107463","World War, 1939-1945 -- Prisoners and prisons, American -- Newspapers","https://libraries.colorado.edu/search~S3?/dWorld+War%2C+1939-1945+--+Prisoners+and+prisons%2C+Am/dworld+war+++++1939+++++1945+prisoners+and+prisons+american+newspapers/-3,-1,0,B/browse","Fort Carson (Colo.)","http://id.loc.gov/authorities/names/n82075700","nspc_diePWwoche_029.pdf","https://cudl.colorado.edu//luna/servlet/detail/CUB~25~25~28~298104","https://ark.colorado.edu/ark:/47540/7g8t1g7533fj","Special Collections and Archives at the University of Colorado Boulder Libraries","Local","application/pdf","reformatted digital","This Item is protected by copyright and/or related rights. You are free to use this Item in any way that is permitted by the copyright and related rights legislation that applies to your use. For other uses you need to obtain permission from the rights-holder(s).","https://rightsstatements.org/page/InC/1.0/?language=en","28","4890","nspc_diePWwoche_029.pdf","https://cudl.colorado.edu//luna/servlet/detail/CUB~25~25~28~298104","https://cudl.colorado.edu/MediaManager/srvr?mediafile=/MISC/CUB~25~25/4890/nspc_diePWwoche_029.pdf"
"Die PW Woche: Steimmen aus Lager U. Heimat","Die POW Woche 30. Ausgabe","Ofw. Albrecht, 8. Kompanie","Local","Still image","http://id.loc.gov/vocabulary/resourceTypes/img","Newsletter","https://id.loc.gov/authorities/genreForms/gf2014026131.html","Camp Carson, Colo. ","1944-03-11","30","Weekly","German","https://id.loc.gov/vocabulary/iso639-2/deu.html","ISO649-2","20 pages","weeklies (publications)","http://vocab.getty.edu/aat/300312030","From Camp to Home","Germans -- United States -- Newspapers.","http://id.loc.gov/authorities/subjects/sh2009125920","Prisoners of war -- Germany -- Newspapers","http://libraries.colorado.edu/record=b10774696~S3","Propaganda, German","http://id.loc.gov/authorities/subjects/sh85107463","World War, 1939-1945 -- Prisoners and prisons, American -- Newspapers","https://libraries.colorado.edu/search~S3?/dWorld+War%2C+1939-1945+--+Prisoners+and+prisons%2C+Am/dworld+war+++++1939+++++1945+prisoners+and+prisons+american+newspapers/-3,-1,0,B/browse","Fort Carson (Colo.)","http://id.loc.gov/authorities/names/n82075700","nspc_diePWwoche_030.pdf","https://cudl.colorado.edu//luna/servlet/detail/CUB~25~25~29~298102","https://ark.colorado.edu/ark:/47540/sc1f0h98r94v","Special Collections and Archives at the University of Colorado Boulder Libraries","Local","application/pdf","reformatted digital","This Item is protected by copyright and/or related rights. You are free to use this Item in any way that is permitted by the copyright and related rights legislation that applies to your use. For other uses you need to obtain permission from the rights-holder(s).","https://rightsstatements.org/page/InC/1.0/?language=en","29","4890","nspc_diePWwoche_030.pdf","https://cudl.colorado.edu//luna/servlet/detail/CUB~25~25~29~298102","https://cudl.colorado.edu/MediaManager/srvr?mediafile=/MISC/CUB~25~25/4890/nspc_diePWwoche_030.pdf"
"Die PW Woche: Steimmen aus Lager U. Heimat","Die POW Woche 31. Ausgabe","Ofw. Albrecht, 8. Kompanie","Local","Still image","http://id.loc.gov/vocabulary/resourceTypes/img","Newsletter","https://id.loc.gov/authorities/genreForms/gf2014026131.html","Camp Carson, Colo. ","1944-03-18","31","Weekly","German","https://id.loc.gov/vocabulary/iso639-2/deu.html","ISO649-2","20 pages","weeklies (publications)","http://vocab.getty.edu/aat/300312030","From Camp to Home","Germans -- United States -- Newspapers.","http://id.loc.gov/authorities/subjects/sh2009125920","Prisoners of war -- Germany -- Newspapers","http://libraries.colorado.edu/record=b10774696~S3","Propaganda, German","http://id.loc.gov/authorities/subjects/sh85107463","World War, 1939-1945 -- Prisoners and prisons, American -- Newspapers","https://libraries.colorado.edu/search~S3?/dWorld+War%2C+1939-1945+--+Prisoners+and+prisons%2C+Am/dworld+war+++++1939+++++1945+prisoners+and+prisons+american+newspapers/-3,-1,0,B/browse","Fort Carson (Colo.)","http://id.loc.gov/authorities/names/n82075700","nspc_diePWwoche_031.pdf","https://cudl.colorado.edu//luna/servlet/detail/CUB~25~25~30~298100","https://ark.colorado.edu/ark:/47540/j9784n25n1vp","Special Collections and Archives at the University of Colorado Boulder Libraries","Local","application/pdf","reformatted digital","This Item is protected by copyright and/or related rights. You are free to use this Item in any way that is permitted by the copyright and related rights legislation that applies to your use. For other uses you need to obtain permission from the rights-holder(s).","https://rightsstatements.org/page/InC/1.0/?language=en","30","4890","nspc_diePWwoche_031.pdf","https://cudl.colorado.edu//luna/servlet/detail/CUB~25~25~30~298100","https://cudl.colorado.edu/MediaManager/srvr?mediafile=/MISC/CUB~25~25/4890/nspc_diePWwoche_031.pdf"
"Die PW Woche: Steimmen aus Lager U. Heimat","Die POW Woche 32. Ausgabe","Ofw. Albrecht, 8. Kompanie","Local","Still image","http://id.loc.gov/vocabulary/resourceTypes/img","Newsletter","https://id.loc.gov/authorities/genreForms/gf2014026131.html","Camp Carson, Colo. ","1944-03-25","32","Weekly","German","https://id.loc.gov/vocabulary/iso639-2/deu.html","ISO649-2","20 pages","weeklies (publications)","http://vocab.getty.edu/aat/300312030","From Camp to Home","Germans -- United States -- Newspapers.","http://id.loc.gov/authorities/subjects/sh2009125920","Prisoners of war -- Germany -- Newspapers","http://libraries.colorado.edu/record=b10774696~S3","Propaganda, German","http://id.loc.gov/authorities/subjects/sh85107463","World War, 1939-1945 -- Prisoners and prisons, American -- Newspapers","https://libraries.colorado.edu/search~S3?/dWorld+War%2C+1939-1945+--+Prisoners+and+prisons%2C+Am/dworld+war+++++1939+++++1945+prisoners+and+prisons+american+newspapers/-3,-1,0,B/browse","Fort Carson (Colo.)","http://id.loc.gov/authorities/names/n82075700","nspc_diePWwoche_032.pdf","https://cudl.colorado.edu//luna/servlet/detail/CUB~25~25~31~298098","https://ark.colorado.edu/ark:/47540/h73m5q72d62r","Special Collections and Archives at the University of Colorado Boulder Libraries","Local","application/pdf","reformatted digital","This Item is protected by copyright and/or related rights. You are free to use this Item in any way that is permitted by the copyright and related rights legislation that applies to your use. For other uses you need to obtain permission from the rights-holder(s).","https://rightsstatements.org/page/InC/1.0/?language=en","31","4890","nspc_diePWwoche_032.pdf","https://cudl.colorado.edu//luna/servlet/detail/CUB~25~25~31~298098","https://cudl.colorado.edu/MediaManager/srvr?mediafile=/MISC/CUB~25~25/4890/nspc_diePWwoche_032.pdf"
"Die PW Woche: Steimmen aus Lager U. Heimat","Die POW Woche 33. Ausgabe","Ofw. Albrecht, 8. Kompanie","Local","Still image","http://id.loc.gov/vocabulary/resourceTypes/img","Newsletter","https://id.loc.gov/authorities/genreForms/gf2014026131.html","Camp Carson, Colo. ","1944-04-01","33","Weekly","German","https://id.loc.gov/vocabulary/iso639-2/deu.html","ISO649-2","20 pages","weeklies (publications)","http://vocab.getty.edu/aat/300312030","From Camp to Home","Germans -- United States -- Newspapers.","http://id.loc.gov/authorities/subjects/sh2009125920","Prisoners of war -- Germany -- Newspapers","http://libraries.colorado.edu/record=b10774696~S3","Propaganda, German","http://id.loc.gov/authorities/subjects/sh85107463","World War, 1939-1945 -- Prisoners and prisons, American -- Newspapers","https://libraries.colorado.edu/search~S3?/dWorld+War%2C+1939-1945+--+Prisoners+and+prisons%2C+Am/dworld+war+++++1939+++++1945+prisoners+and+prisons+american+newspapers/-3,-1,0,B/browse","Fort Carson (Colo.)","http://id.loc.gov/authorities/names/n82075700","nspc_diePWwoche_033.pdf","https://cudl.colorado.edu//luna/servlet/detail/CUB~25~25~32~298096","https://ark.colorado.edu/ark:/47540/gv9k6n59s9wf","Special Collections and Archives at the University of Colorado Boulder Libraries","Local","application/pdf","reformatted digital","This Item is protected by copyright and/or related rights. You are free to use this Item in any way that is permitted by the copyright and related rights legislation that applies to your use. For other uses you need to obtain permission from the rights-holder(s).","https://rightsstatements.org/page/InC/1.0/?language=en","32","4890","nspc_diePWwoche_033.pdf","https://cudl.colorado.edu//luna/servlet/detail/CUB~25~25~32~298096","https://cudl.colorado.edu/MediaManager/srvr?mediafile=/MISC/CUB~25~25/4890/nspc_diePWwoche_033.pdf"
"Die PW Woche: Steimmen aus Lager U. Heimat","Die POW Woche 34. Ausgabe","Ofw. Albrecht, 8. Kompanie","Local","Still image","http://id.loc.gov/vocabulary/resourceTypes/img","Newsletter","https://id.loc.gov/authorities/genreForms/gf2014026131.html","Camp Carson, Colo. ","1944-04-08","34","Weekly","German","https://id.loc.gov/vocabulary/iso639-2/deu.html","ISO649-2","20 pages","weeklies (publications)","http://vocab.getty.edu/aat/300312030","From Camp to Home","Germans -- United States -- Newspapers.","http://id.loc.gov/authorities/subjects/sh2009125920","Prisoners of war -- Germany -- Newspapers","http://libraries.colorado.edu/record=b10774696~S3","Propaganda, German","http://id.loc.gov/authorities/subjects/sh85107463","World War, 1939-1945 -- Prisoners and prisons, American -- Newspapers","https://libraries.colorado.edu/search~S3?/dWorld+War%2C+1939-1945+--+Prisoners+and+prisons%2C+Am/dworld+war+++++1939+++++1945+prisoners+and+prisons+american+newspapers/-3,-1,0,B/browse","Fort Carson (Colo.)","http://id.loc.gov/authorities/names/n82075700","nspc_diePWwoche_034.pdf","https://cudl.colorado.edu//luna/servlet/detail/CUB~25~25~33~298094","https://ark.colorado.edu/ark:/47540/g7548q1291jn","Special Collections and Archives at the University of Colorado Boulder Libraries","Local","application/pdf","reformatted digital","This Item is protected by copyright and/or related rights. You are free to use this Item in any way that is permitted by the copyright and related rights legislation that applies to your use. For other uses you need to obtain permission from the rights-holder(s).","https://rightsstatements.org/page/InC/1.0/?language=en","33","4890","nspc_diePWwoche_034.pdf","https://cudl.colorado.edu//luna/servlet/detail/CUB~25~25~33~298094","https://cudl.colorado.edu/MediaManager/srvr?mediafile=/MISC/CUB~25~25/4890/nspc_diePWwoche_034.pdf"
"Die PW Woche: Steimmen aus Lager U. Heimat","Die POW Woche 35. Ausgabe","Ofw. Albrecht, 8. Kompanie","Local","Still image","http://id.loc.gov/vocabulary/resourceTypes/img","Newsletter","https://id.loc.gov/authorities/genreForms/gf2014026131.html","Camp Carson, Colo. ","1944-04-15","35","Weekly","German","https://id.loc.gov/vocabulary/iso639-2/deu.html","ISO649-2","20 pages","weeklies (publications)","http://vocab.getty.edu/aat/300312030","From Camp to Home","Germans -- United States -- Newspapers.","http://id.loc.gov/authorities/subjects/sh2009125920","Prisoners of war -- Germany -- Newspapers","http://libraries.colorado.edu/record=b10774696~S3","Propaganda, German","http://id.loc.gov/authorities/subjects/sh85107463","World War, 1939-1945 -- Prisoners and prisons, American -- Newspapers","https://libraries.colorado.edu/search~S3?/dWorld+War%2C+1939-1945+--+Prisoners+and+prisons%2C+Am/dworld+war+++++1939+++++1945+prisoners+and+prisons+american+newspapers/-3,-1,0,B/browse","Fort Carson (Colo.)","http://id.loc.gov/authorities/names/n82075700","nspc_diePWwoche_035.pdf","https://cudl.colorado.edu//luna/servlet/detail/CUB~25~25~34~298092","https://ark.colorado.edu/ark:/47540/db4t5b27919n","Special Collections and Archives at the University of Colorado Boulder Libraries","Local","application/pdf","reformatted digital","This Item is protected by copyright and/or related rights. You are free to use this Item in any way that is permitted by the copyright and related rights legislation that applies to your use. For other uses you need to obtain permission from the rights-holder(s).","https://rightsstatements.org/page/InC/1.0/?language=en","34","4890","nspc_diePWwoche_035.pdf","https://cudl.colorado.edu//luna/servlet/detail/CUB~25~25~34~298092","https://cudl.colorado.edu/MediaManager/srvr?mediafile=/MISC/CUB~25~25/4890/nspc_diePWwoche_035.pdf"
"Die PW Woche: Steimmen aus Lager U. Heimat","Die POW Woche 36. Ausgabe","Ofw. Albrecht, 8. Kompanie","Local","Still image","http://id.loc.gov/vocabulary/resourceTypes/img","Newsletter","https://id.loc.gov/authorities/genreForms/gf2014026131.html","Camp Carson, Colo. ","1944-04-22","36","Weekly","German","https://id.loc.gov/vocabulary/iso639-2/deu.html","ISO649-2","20 pages","weeklies (publications)","http://vocab.getty.edu/aat/300312030","From Camp to Home","Germans -- United States -- Newspapers.","http://id.loc.gov/authorities/subjects/sh2009125920","Prisoners of war -- Germany -- Newspapers","http://libraries.colorado.edu/record=b10774696~S3","Propaganda, German","http://id.loc.gov/authorities/subjects/sh85107463","World War, 1939-1945 -- Prisoners and prisons, American -- Newspapers","https://libraries.colorado.edu/search~S3?/dWorld+War%2C+1939-1945+--+Prisoners+and+prisons%2C+Am/dworld+war+++++1939+++++1945+prisoners+and+prisons+american+newspapers/-3,-1,0,B/browse","Fort Carson (Colo.)","http://id.loc.gov/authorities/names/n82075700","nspc_diePWwoche_036.pdf","https://cudl.colorado.edu//luna/servlet/detail/CUB~25~25~35~298090","https://ark.colorado.edu/ark:/47540/sz3s4j66g6bz","Special Collections and Archives at the University of Colorado Boulder Libraries","Local","application/pdf","reformatted digital","This Item is protected by copyright and/or related rights. You are free to use this Item in any way that is permitted by the copyright and related rights legislation that applies to your use. For other uses you need to obtain permission from the rights-holder(s).","https://rightsstatements.org/page/InC/1.0/?language=en","35","4890","nspc_diePWwoche_036.pdf","https://cudl.colorado.edu//luna/servlet/detail/CUB~25~25~35~298090","https://cudl.colorado.edu/MediaManager/srvr?mediafile=/MISC/CUB~25~25/4890/nspc_diePWwoche_036.pdf"
"Die PW Woche: Steimmen aus Lager U. Heimat","Die POW Woche 37. Ausgabe","Ofw. Albrecht, 8. Kompanie","Local","Still image","http://id.loc.gov/vocabulary/resourceTypes/img","Newsletter","https://id.loc.gov/authorities/genreForms/gf2014026131.html","Camp Carson, Colo. ","1944-04-29","37","Weekly","German","https://id.loc.gov/vocabulary/iso639-2/deu.html","ISO649-2","16 pages","weeklies (publications)","http://vocab.getty.edu/aat/300312030","From Camp to Home","Germans -- United States -- Newspapers.","http://id.loc.gov/authorities/subjects/sh2009125920","Prisoners of war -- Germany -- Newspapers","http://libraries.colorado.edu/record=b10774696~S3","Propaganda, German","http://id.loc.gov/authorities/subjects/sh85107463","World War, 1939-1945 -- Prisoners and prisons, American -- Newspapers","https://libraries.colorado.edu/search~S3?/dWorld+War%2C+1939-1945+--+Prisoners+and+prisons%2C+Am/dworld+war+++++1939+++++1945+prisoners+and+prisons+american+newspapers/-3,-1,0,B/browse","Fort Carson (Colo.)","http://id.loc.gov/authorities/names/n82075700","nspc_diePWwoche_037.pdf","https://cudl.colorado.edu//luna/servlet/detail/CUB~25~25~36~298088","https://ark.colorado.edu/ark:/47540/f12q2223m99f","Special Collections and Archives at the University of Colorado Boulder Libraries","Local","application/pdf","reformatted digital","This Item is protected by copyright and/or related rights. You are free to use this Item in any way that is permitted by the copyright and related rights legislation that applies to your use. For other uses you need to obtain permission from the rights-holder(s).","https://rightsstatements.org/page/InC/1.0/?language=en","36","4890","nspc_diePWwoche_037.pdf","https://cudl.colorado.edu//luna/servlet/detail/CUB~25~25~36~298088","https://cudl.colorado.edu/MediaManager/srvr?mediafile=/MISC/CUB~25~25/4890/nspc_diePWwoche_037.pdf"
"Die PW Woche: Steimmen aus Lager U. Heimat","Die POW Woche 38. Ausgabe","Ofw. Albrecht, 8. Kompanie","Local","Still image","http://id.loc.gov/vocabulary/resourceTypes/img","Newsletter","https://id.loc.gov/authorities/genreForms/gf2014026131.html","Camp Carson, Colo. ","1944-05-06","38","Weekly","German","https://id.loc.gov/vocabulary/iso639-2/deu.html","ISO649-2","20 pages","weeklies (publications)","http://vocab.getty.edu/aat/300312030","From Camp to Home","Germans -- United States -- Newspapers.","http://id.loc.gov/authorities/subjects/sh2009125920","Prisoners of war -- Germany -- Newspapers","http://libraries.colorado.edu/record=b10774696~S3","Propaganda, German","http://id.loc.gov/authorities/subjects/sh85107463","World War, 1939-1945 -- Prisoners and prisons, American -- Newspapers","https://libraries.colorado.edu/search~S3?/dWorld+War%2C+1939-1945+--+Prisoners+and+prisons%2C+Am/dworld+war+++++1939+++++1945+prisoners+and+prisons+american+newspapers/-3,-1,0,B/browse","Fort Carson (Colo.)","http://id.loc.gov/authorities/names/n82075700","nspc_diePWwoche_038.pdf","https://cudl.colorado.edu//luna/servlet/detail/CUB~25~25~37~298086","https://ark.colorado.edu/ark:/47540/6c3z1x43g37j","Special Collections and Archives at the University of Colorado Boulder Libraries","Local","application/pdf","reformatted digital","This Item is protected by copyright and/or related rights. You are free to use this Item in any way that is permitted by the copyright and related rights legislation that applies to your use. For other uses you need to obtain permission from the rights-holder(s).","https://rightsstatements.org/page/InC/1.0/?language=en","37","4890","nspc_diePWwoche_038.pdf","https://cudl.colorado.edu//luna/servlet/detail/CUB~25~25~37~298086","https://cudl.colorado.edu/MediaManager/srvr?mediafile=/MISC/CUB~25~25/4890/nspc_diePWwoche_038.pdf"
"Die PW Woche: Steimmen aus Lager U. Heimat","Die POW Woche 39. Ausgabe","Ofw. Albrecht, 8. Kompanie","Local","Still image","http://id.loc.gov/vocabulary/resourceTypes/img","Newsletter","https://id.loc.gov/authorities/genreForms/gf2014026131.html","Camp Carson, Colo. ","1944-05-13","39","Weekly","German","https://id.loc.gov/vocabulary/iso639-2/deu.html","ISO649-2","18 pages","weeklies (publications)","http://vocab.getty.edu/aat/300312030","From Camp to Home","Germans -- United States -- Newspapers.","http://id.loc.gov/authorities/subjects/sh2009125920","Prisoners of war -- Germany -- Newspapers","http://libraries.colorado.edu/record=b10774696~S3","Propaganda, German","http://id.loc.gov/authorities/subjects/sh85107463","World War, 1939-1945 -- Prisoners and prisons, American -- Newspapers","https://libraries.colorado.edu/search~S3?/dWorld+War%2C+1939-1945+--+Prisoners+and+prisons%2C+Am/dworld+war+++++1939+++++1945+prisoners+and+prisons+american+newspapers/-3,-1,0,B/browse","Fort Carson (Colo.)","http://id.loc.gov/authorities/names/n82075700","nspc_diePWwoche_039.pdf","https://cudl.colorado.edu//luna/servlet/detail/CUB~25~25~38~298084","https://ark.colorado.edu/ark:/47540/h25n9g31b08v","Special Collections and Archives at the University of Colorado Boulder Libraries","Local","application/pdf","reformatted digital","This Item is protected by copyright and/or related rights. You are free to use this Item in any way that is permitted by the copyright and related rights legislation that applies to your use. For other uses you need to obtain permission from the rights-holder(s).","https://rightsstatements.org/page/InC/1.0/?language=en","38","4890","nspc_diePWwoche_039.pdf","https://cudl.colorado.edu//luna/servlet/detail/CUB~25~25~38~298084","https://cudl.colorado.edu/MediaManager/srvr?mediafile=/MISC/CUB~25~25/4890/nspc_diePWwoche_039.pdf"
"Die PW Woche: Steimmen aus Lager U. Heimat","Die POW Woche 40. Ausgabe","Ofw. Albrecht, 8. Kompanie","Local","Still image","http://id.loc.gov/vocabulary/resourceTypes/img","Newsletter","https://id.loc.gov/authorities/genreForms/gf2014026131.html","Camp Carson, Colo. ","1944-05-20","40","Weekly","German","https://id.loc.gov/vocabulary/iso639-2/deu.html","ISO649-2","20 pages","weeklies (publications)","http://vocab.getty.edu/aat/300312030","From Camp to Home","Germans -- United States -- Newspapers.","http://id.loc.gov/authorities/subjects/sh2009125920","Prisoners of war -- Germany -- Newspapers","http://libraries.colorado.edu/record=b10774696~S3","Propaganda, German","http://id.loc.gov/authorities/subjects/sh85107463","World War, 1939-1945 -- Prisoners and prisons, American -- Newspapers","https://libraries.colorado.edu/search~S3?/dWorld+War%2C+1939-1945+--+Prisoners+and+prisons%2C+Am/dworld+war+++++1939+++++1945+prisoners+and+prisons+american+newspapers/-3,-1,0,B/browse","Fort Carson (Colo.)","http://id.loc.gov/authorities/names/n82075700","nspc_diePWwoche_040.pdf","https://cudl.colorado.edu//luna/servlet/detail/CUB~25~25~39~298082","https://ark.colorado.edu/ark:/47540/xb5m0h16n62k","Special Collections and Archives at the University of Colorado Boulder Libraries","Local","application/pdf","reformatted digital","This Item is protected by copyright and/or related rights. You are free to use this Item in any way that is permitted by the copyright and related rights legislation that applies to your use. For other uses you need to obtain permission from the rights-holder(s).","https://rightsstatements.org/page/InC/1.0/?language=en","39","4890","nspc_diePWwoche_040.pdf","https://cudl.colorado.edu//luna/servlet/detail/CUB~25~25~39~298082","https://cudl.colorado.edu/MediaManager/srvr?mediafile=/MISC/CUB~25~25/4890/nspc_diePWwoche_040.pdf"
"Die PW Woche: Steimmen aus Lager U. Heimat","Die POW Woche 41. Ausgabe","Ofw. Albrecht, 8. Kompanie","Local","Still image","http://id.loc.gov/vocabulary/resourceTypes/img","Newsletter","https://id.loc.gov/authorities/genreForms/gf2014026131.html","Camp Carson, Colo. ","1944-05-27","41","Weekly","German","https://id.loc.gov/vocabulary/iso639-2/deu.html","ISO649-2","20 pages","weeklies (publications)","http://vocab.getty.edu/aat/300312030","From Camp to Home","Germans -- United States -- Newspapers.","http://id.loc.gov/authorities/subjects/sh2009125920","Prisoners of war -- Germany -- Newspapers","http://libraries.colorado.edu/record=b10774696~S3","Propaganda, German","http://id.loc.gov/authorities/subjects/sh85107463","World War, 1939-1945 -- Prisoners and prisons, American -- Newspapers","https://libraries.colorado.edu/search~S3?/dWorld+War%2C+1939-1945+--+Prisoners+and+prisons%2C+Am/dworld+war+++++1939+++++1945+prisoners+and+prisons+american+newspapers/-3,-1,0,B/browse","Fort Carson (Colo.)","http://id.loc.gov/authorities/names/n82075700","nspc_diePWwoche_041.pdf","https://cudl.colorado.edu//luna/servlet/detail/CUB~25~25~40~298080","https://ark.colorado.edu/ark:/47540/qh799q6497zt","Special Collections and Archives at the University of Colorado Boulder Libraries","Local","application/pdf","reformatted digital","This Item is protected by copyright and/or related rights. You are free to use this Item in any way that is permitted by the copyright and related rights legislation that applies to your use. For other uses you need to obtain permission from the rights-holder(s).","https://rightsstatements.org/page/InC/1.0/?language=en","40","4890","nspc_diePWwoche_041.pdf","https://cudl.colorado.edu//luna/servlet/detail/CUB~25~25~40~298080","https://cudl.colorado.edu/MediaManager/srvr?mediafile=/MISC/CUB~25~25/4890/nspc_diePWwoche_041.pdf"
"Die PW Woche: Steimmen aus Lager U. Heimat","Die POW Woche 42. Ausgabe","Ofw. Albrecht, 8. Kompanie","Local","Still image","http://id.loc.gov/vocabulary/resourceTypes/img","Newsletter","https://id.loc.gov/authorities/genreForms/gf2014026131.html","Camp Carson, Colo. ","1944-06-03","42","Weekly","German","https://id.loc.gov/vocabulary/iso639-2/deu.html","ISO649-2","20 pages","weeklies (publications)","http://vocab.getty.edu/aat/300312030","From Camp to Home","Germans -- United States -- Newspapers.","http://id.loc.gov/authorities/subjects/sh2009125920","Prisoners of war -- Germany -- Newspapers","http://libraries.colorado.edu/record=b10774696~S3","Propaganda, German","http://id.loc.gov/authorities/subjects/sh85107463","World War, 1939-1945 -- Prisoners and prisons, American -- Newspapers","https://libraries.colorado.edu/search~S3?/dWorld+War%2C+1939-1945+--+Prisoners+and+prisons%2C+Am/dworld+war+++++1939+++++1945+prisoners+and+prisons+american+newspapers/-3,-1,0,B/browse","Fort Carson (Colo.)","http://id.loc.gov/authorities/names/n82075700","nspc_diePWwoche_042.pdf","https://cudl.colorado.edu//luna/servlet/detail/CUB~25~25~41~298078","https://ark.colorado.edu/ark:/47540/pv736k78z3qc","Special Collections and Archives at the University of Colorado Boulder Libraries","Local","application/pdf","reformatted digital","This Item is protected by copyright and/or related rights. You are free to use this Item in any way that is permitted by the copyright and related rights legislation that applies to your use. For other uses you need to obtain permission from the rights-holder(s).","https://rightsstatements.org/page/InC/1.0/?language=en","41","4890","nspc_diePWwoche_042.pdf","https://cudl.colorado.edu//luna/servlet/detail/CUB~25~25~41~298078","https://cudl.colorado.edu/MediaManager/srvr?mediafile=/MISC/CUB~25~25/4890/nspc_diePWwoche_042.pdf"
"Die PW Woche: Steimmen aus Lager U. Heimat","Die POW Woche 43. Ausgabe","Ofw. Albrecht, 8. Kompanie","Local","Still image","http://id.loc.gov/vocabulary/resourceTypes/img","Newsletter","https://id.loc.gov/authorities/genreForms/gf2014026131.html","Camp Carson, Colo. ","1944-06-24","43","Weekly","German","https://id.loc.gov/vocabulary/iso639-2/deu.html","ISO649-2","20 pages","weeklies (publications)","http://vocab.getty.edu/aat/300312030","From Camp to Home","Germans -- United States -- Newspapers.","http://id.loc.gov/authorities/subjects/sh2009125920","Prisoners of war -- Germany -- Newspapers","http://libraries.colorado.edu/record=b10774696~S3","Propaganda, German","http://id.loc.gov/authorities/subjects/sh85107463","World War, 1939-1945 -- Prisoners and prisons, American -- Newspapers","https://libraries.colorado.edu/search~S3?/dWorld+War%2C+1939-1945+--+Prisoners+and+prisons%2C+Am/dworld+war+++++1939+++++1945+prisoners+and+prisons+american+newspapers/-3,-1,0,B/browse","Fort Carson (Colo.)","http://id.loc.gov/authorities/names/n82075700","nspc_diePWwoche_043.pdf","https://cudl.colorado.edu//luna/servlet/detail/CUB~25~25~42~298076","https://ark.colorado.edu/ark:/47540/jq9r3059g6pq","Special Collections and Archives at the University of Colorado Boulder Libraries","Local","application/pdf","reformatted digital","This Item is protected by copyright and/or related rights. You are free to use this Item in any way that is permitted by the copyright and related rights legislation that applies to your use. For other uses you need to obtain permission from the rights-holder(s).","https://rightsstatements.org/page/InC/1.0/?language=en","42","4890","nspc_diePWwoche_043.pdf","https://cudl.colorado.edu//luna/servlet/detail/CUB~25~25~42~298076","https://cudl.colorado.edu/MediaManager/srvr?mediafile=/MISC/CUB~25~25/4890/nspc_diePWwoche_043.pdf"
"Die PW Woche: Steimmen aus Lager U. Heimat","Die POW Woche 44. Ausgabe","Ofw. Albrecht, 8. Kompanie","Local","Still image","http://id.loc.gov/vocabulary/resourceTypes/img","Newsletter","https://id.loc.gov/authorities/genreForms/gf2014026131.html","Camp Carson, Colo. ","1944-06-17","44","Weekly","German","https://id.loc.gov/vocabulary/iso639-2/deu.html","ISO649-2","20 pages","weeklies (publications)","http://vocab.getty.edu/aat/300312030","From Camp to Home","Germans -- United States -- Newspapers.","http://id.loc.gov/authorities/subjects/sh2009125920","Prisoners of war -- Germany -- Newspapers","http://libraries.colorado.edu/record=b10774696~S3","Propaganda, German","http://id.loc.gov/authorities/subjects/sh85107463","World War, 1939-1945 -- Prisoners and prisons, American -- Newspapers","https://libraries.colorado.edu/search~S3?/dWorld+War%2C+1939-1945+--+Prisoners+and+prisons%2C+Am/dworld+war+++++1939+++++1945+prisoners+and+prisons+american+newspapers/-3,-1,0,B/browse","Fort Carson (Colo.)","http://id.loc.gov/authorities/names/n82075700","nspc_diePWwoche_044.pdf","https://cudl.colorado.edu//luna/servlet/detail/CUB~25~25~43~298074","https://ark.colorado.edu/ark:/47540/975w071814x2","Special Collections and Archives at the University of Colorado Boulder Libraries","Local","application/pdf","reformatted digital","This Item is protected by copyright and/or related rights. You are free to use this Item in any way that is permitted by the copyright and related rights legislation that applies to your use. For other uses you need to obtain permission from the rights-holder(s).","https://rightsstatements.org/page/InC/1.0/?language=en","43","4890","nspc_diePWwoche_044.pdf","https://cudl.colorado.edu//luna/servlet/detail/CUB~25~25~43~298074","https://cudl.colorado.edu/MediaManager/srvr?mediafile=/MISC/CUB~25~25/4890/nspc_diePWwoche_044.pdf"
"Die PW Woche: Steimmen aus Lager U. Heimat","Die POW Woche 45. Ausgabe","Ofw. Albrecht, 8. Kompanie","Local","Still image","http://id.loc.gov/vocabulary/resourceTypes/img","Newsletter","https://id.loc.gov/authorities/genreForms/gf2014026131.html","Camp Carson, Colo. ","1944-06-24","45","Weekly","German","https://id.loc.gov/vocabulary/iso639-2/deu.html","ISO649-2","20 pages","weeklies (publications)","http://vocab.getty.edu/aat/300312030","From Camp to Home","Germans -- United States -- Newspapers.","http://id.loc.gov/authorities/subjects/sh2009125920","Prisoners of war -- Germany -- Newspapers","http://libraries.colorado.edu/record=b10774696~S3","Propaganda, German","http://id.loc.gov/authorities/subjects/sh85107463","World War, 1939-1945 -- Prisoners and prisons, American -- Newspapers","https://libraries.colorado.edu/search~S3?/dWorld+War%2C+1939-1945+--+Prisoners+and+prisons%2C+Am/dworld+war+++++1939+++++1945+prisoners+and+prisons+american+newspapers/-3,-1,0,B/browse","Fort Carson (Colo.)","http://id.loc.gov/authorities/names/n82075700","nspc_diePWwoche_045.pdf","https://cudl.colorado.edu//luna/servlet/detail/CUB~25~25~44~298072","https://ark.colorado.edu/ark:/47540/d2938236d056","Special Collections and Archives at the University of Colorado Boulder Libraries","Local","application/pdf","reformatted digital","This Item is protected by copyright and/or related rights. You are free to use this Item in any way that is permitted by the copyright and related rights legislation that applies to your use. For other uses you need to obtain permission from the rights-holder(s).","https://rightsstatements.org/page/InC/1.0/?language=en","44","4890","nspc_diePWwoche_045.pdf","https://cudl.colorado.edu//luna/servlet/detail/CUB~25~25~44~298072","https://cudl.colorado.edu/MediaManager/srvr?mediafile=/MISC/CUB~25~25/4890/nspc_diePWwoche_045.pdf"
"Die PW Woche: Steimmen aus Lager U. Heimat","Die POW Woche 47. Ausgabe","Ofw. Albrecht, 8. Kompanie","Local","Still image","http://id.loc.gov/vocabulary/resourceTypes/img","Newsletter","https://id.loc.gov/authorities/genreForms/gf2014026131.html","Camp Carson, Colo. ","1944-07-08","47","Weekly","German","https://id.loc.gov/vocabulary/iso639-2/deu.html","ISO649-2","20 pages","weeklies (publications)","http://vocab.getty.edu/aat/300312030","From Camp to Home","Germans -- United States -- Newspapers.","http://id.loc.gov/authorities/subjects/sh2009125920","Prisoners of war -- Germany -- Newspapers","http://libraries.colorado.edu/record=b10774696~S3","Propaganda, German","http://id.loc.gov/authorities/subjects/sh85107463","World War, 1939-1945 -- Prisoners and prisons, American -- Newspapers","https://libraries.colorado.edu/search~S3?/dWorld+War%2C+1939-1945+--+Prisoners+and+prisons%2C+Am/dworld+war+++++1939+++++1945+prisoners+and+prisons+american+newspapers/-3,-1,0,B/browse","Fort Carson (Colo.)","http://id.loc.gov/authorities/names/n82075700","nspc_diePWwoche_047.pdf","https://cudl.colorado.edu//luna/servlet/detail/CUB~25~25~45~298070","https://ark.colorado.edu/ark:/47540/5p5j2048186b","Special Collections and Archives at the University of Colorado Boulder Libraries","Local","application/pdf","reformatted digital","This Item is protected by copyright and/or related rights. You are free to use this Item in any way that is permitted by the copyright and related rights legislation that applies to your use. For other uses you need to obtain permission from the rights-holder(s).","https://rightsstatements.org/page/InC/1.0/?language=en","45","4890","nspc_diePWwoche_047.pdf","https://cudl.colorado.edu//luna/servlet/detail/CUB~25~25~45~298070","https://cudl.colorado.edu/MediaManager/srvr?mediafile=/MISC/CUB~25~25/4890/nspc_diePWwoche_047.pdf"
"Die PW Woche: Steimmen aus Lager U. Heimat","Die POW Woche 48. Ausgabe","Ofw. Albrecht, 8. Kompanie","Local","Still image","http://id.loc.gov/vocabulary/resourceTypes/img","Newsletter","https://id.loc.gov/authorities/genreForms/gf2014026131.html","Camp Carson, Colo. ","1944-07-15","48","Weekly","German","https://id.loc.gov/vocabulary/iso639-2/deu.html","ISO649-2","20 pages","weeklies (publications)","http://vocab.getty.edu/aat/300312030","From Camp to Home","Germans -- United States -- Newspapers.","http://id.loc.gov/authorities/subjects/sh2009125920","Prisoners of war -- Germany -- Newspapers","http://libraries.colorado.edu/record=b10774696~S3","Propaganda, German","http://id.loc.gov/authorities/subjects/sh85107463","World War, 1939-1945 -- Prisoners and prisons, American -- Newspapers","https://libraries.colorado.edu/search~S3?/dWorld+War%2C+1939-1945+--+Prisoners+and+prisons%2C+Am/dworld+war+++++1939+++++1945+prisoners+and+prisons+american+newspapers/-3,-1,0,B/browse","Fort Carson (Colo.)","http://id.loc.gov/authorities/names/n82075700","nspc_diePWwoche_048.pdf","https://cudl.colorado.edu//luna/servlet/detail/CUB~25~25~46~298068","https://ark.colorado.edu/ark:/47540/j3221r20w7gk","Special Collections and Archives at the University of Colorado Boulder Libraries","Local","application/pdf","reformatted digital","This Item is protected by copyright and/or related rights. You are free to use this Item in any way that is permitted by the copyright and related rights legislation that applies to your use. For other uses you need to obtain permission from the rights-holder(s).","https://rightsstatements.org/page/InC/1.0/?language=en","46","4890","nspc_diePWwoche_048.pdf","https://cudl.colorado.edu//luna/servlet/detail/CUB~25~25~46~298068","https://cudl.colorado.edu/MediaManager/srvr?mediafile=/MISC/CUB~25~25/4890/nspc_diePWwoche_048.pdf"
"Die PW Woche: Steimmen aus Lager U. Heimat","Die POW Woche 49. Ausgabe","Ofw. Albrecht, 8. Kompanie","Local","Still image","http://id.loc.gov/vocabulary/resourceTypes/img","Newsletter","https://id.loc.gov/authorities/genreForms/gf2014026131.html","Camp Carson, Colo. ","1944-07-22","49","Weekly","German","https://id.loc.gov/vocabulary/iso639-2/deu.html","ISO649-2","20 pages","weeklies (publications)","http://vocab.getty.edu/aat/300312030","From Camp to Home","Germans -- United States -- Newspapers.","http://id.loc.gov/authorities/subjects/sh2009125920","Prisoners of war -- Germany -- Newspapers","http://libraries.colorado.edu/record=b10774696~S3","Propaganda, German","http://id.loc.gov/authorities/subjects/sh85107463","World War, 1939-1945 -- Prisoners and prisons, American -- Newspapers","https://libraries.colorado.edu/search~S3?/dWorld+War%2C+1939-1945+--+Prisoners+and+prisons%2C+Am/dworld+war+++++1939+++++1945+prisoners+and+prisons+american+newspapers/-3,-1,0,B/browse","Fort Carson (Colo.)","http://id.loc.gov/authorities/names/n82075700","nspc_diePWwoche_049.pdf","https://cudl.colorado.edu//luna/servlet/detail/CUB~25~25~47~298066","https://ark.colorado.edu/ark:/47540/vv026s79k3d2","Special Collections and Archives at the University of Colorado Boulder Libraries","Local","application/pdf","reformatted digital","This Item is protected by copyright and/or related rights. You are free to use this Item in any way that is permitted by the copyright and related rights legislation that applies to your use. For other uses you need to obtain permission from the rights-holder(s).","https://rightsstatements.org/page/InC/1.0/?language=en","47","4890","nspc_diePWwoche_049.pdf","https://cudl.colorado.edu//luna/servlet/detail/CUB~25~25~47~298066","https://cudl.colorado.edu/MediaManager/srvr?mediafile=/MISC/CUB~25~25/4890/nspc_diePWwoche_049.pdf"
"Die PW Woche: Steimmen aus Lager U. Heimat","Die POW Woche 50. Ausgabe","Ofw. Albrecht, 8. Kompanie","Local","Still image","http://id.loc.gov/vocabulary/resourceTypes/img","Newsletter","https://id.loc.gov/authorities/genreForms/gf2014026131.html","Camp Carson, Colo. ","1944-07-29","50","Weekly","German","https://id.loc.gov/vocabulary/iso639-2/deu.html","ISO649-2","20 pages","weeklies (publications)","http://vocab.getty.edu/aat/300312030","From Camp to Home","Germans -- United States -- Newspapers.","http://id.loc.gov/authorities/subjects/sh2009125920","Prisoners of war -- Germany -- Newspapers","http://libraries.colorado.edu/record=b10774696~S3","Propaganda, German","http://id.loc.gov/authorities/subjects/sh85107463","World War, 1939-1945 -- Prisoners and prisons, American -- Newspapers","https://libraries.colorado.edu/search~S3?/dWorld+War%2C+1939-1945+--+Prisoners+and+prisons%2C+Am/dworld+war+++++1939+++++1945+prisoners+and+prisons+american+newspapers/-3,-1,0,B/browse","Fort Carson (Colo.)","http://id.loc.gov/authorities/names/n82075700","nspc_diePWwoche_050.pdf","https://cudl.colorado.edu//luna/servlet/detail/CUB~25~25~48~298064","https://ark.colorado.edu/ark:/47540/j40p0c80x5b8","Special Collections and Archives at the University of Colorado Boulder Libraries","Local","application/pdf","reformatted digital","This Item is protected by copyright and/or related rights. You are free to use this Item in any way that is permitted by the copyright and related rights legislation that applies to your use. For other uses you need to obtain permission from the rights-holder(s).","https://rightsstatements.org/page/InC/1.0/?language=en","48","4890","nspc_diePWwoche_050.pdf","https://cudl.colorado.edu//luna/servlet/detail/CUB~25~25~48~298064","https://cudl.colorado.edu/MediaManager/srvr?mediafile=/MISC/CUB~25~25/4890/nspc_diePWwoche_050.pdf"
"Die PW Woche: Steimmen aus Lager U. Heimat","Die POW Woche 52. Ausgabe","Ofw. Albrecht, 8. Kompanie","Local","Still image","http://id.loc.gov/vocabulary/resourceTypes/img","Newsletter","https://id.loc.gov/authorities/genreForms/gf2014026131.html","Camp Carson, Colo. ","1944-08-12","52","Weekly","German","https://id.loc.gov/vocabulary/iso639-2/deu.html","ISO649-2","22 pages","weeklies (publications)","http://vocab.getty.edu/aat/300312030","From Camp to Home","Germans -- United States -- Newspapers.","http://id.loc.gov/authorities/subjects/sh2009125920","Prisoners of war -- Germany -- Newspapers","http://libraries.colorado.edu/record=b10774696~S3","Propaganda, German","http://id.loc.gov/authorities/subjects/sh85107463","World War, 1939-1945 -- Prisoners and prisons, American -- Newspapers","https://libraries.colorado.edu/search~S3?/dWorld+War%2C+1939-1945+--+Prisoners+and+prisons%2C+Am/dworld+war+++++1939+++++1945+prisoners+and+prisons+american+newspapers/-3,-1,0,B/browse","Fort Carson (Colo.)","http://id.loc.gov/authorities/names/n82075700","nspc_diePWwoche_052.pdf","https://cudl.colorado.edu//luna/servlet/detail/CUB~25~25~49~298062","https://ark.colorado.edu/ark:/47540/j3252s059075","Special Collections and Archives at the University of Colorado Boulder Libraries","Local","application/pdf","reformatted digital","This Item is protected by copyright and/or related rights. You are free to use this Item in any way that is permitted by the copyright and related rights legislation that applies to your use. For other uses you need to obtain permission from the rights-holder(s).","https://rightsstatements.org/page/InC/1.0/?language=en","49","4890","nspc_diePWwoche_052.pdf","https://cudl.colorado.edu//luna/servlet/detail/CUB~25~25~49~298062","https://cudl.colorado.edu/MediaManager/srvr?mediafile=/MISC/CUB~25~25/4890/nspc_diePWwoche_052.pdf"
"Die PW Woche: Steimmen aus Lager U. Heimat","Die POW Woche 9. Ausgabe","Ofw. Albrecht, 8. Kompanie","Local","Still image","http://id.loc.gov/vocabulary/resourceTypes/img","Newsletter","https://id.loc.gov/authorities/genreForms/gf2014026131.html","Camp Carson, Colo. ","1943-10-16","9","Weekly","German","https://id.loc.gov/vocabulary/iso639-2/deu.html","ISO649-2","20 pages","weeklies (publications)","http://vocab.getty.edu/aat/300312030","From Camp to Home","Germans -- United States -- Newspapers.","http://id.loc.gov/authorities/subjects/sh2009125920","Prisoners of war -- Germany -- Newspapers","http://libraries.colorado.edu/record=b10774696~S3","Propaganda, German","http://id.loc.gov/authorities/subjects/sh85107463","World War, 1939-1945 -- Prisoners and prisons, American -- Newspapers","https://libraries.colorado.edu/search~S3?/dWorld+War%2C+1939-1945+--+Prisoners+and+prisons%2C+Am/dworld+war+++++1939+++++1945+prisoners+and+prisons+american+newspapers/-3,-1,0,B/browse","Fort Carson (Colo.)","http://id.loc.gov/authorities/names/n82075700","nspc_diePWwoche_009.pdf","https://cudl.colorado.edu//luna/servlet/detail/CUB~25~25~9~298143","https://ark.colorado.edu/ark:/47540/872q0t5454gh","Special Collections and Archives at the University of Colorado Boulder Libraries","Local","application/pdf","reformatted digital","This Item is protected by copyright and/or related rights. You are free to use this Item in any way that is permitted by the copyright and related rights legislation that applies to your use. For other uses you need to obtain permission from the rights-holder(s).","https://rightsstatements.org/page/InC/1.0/?language=en","9","4890","nspc_diePWwoche_009.pdf","https://cudl.colorado.edu//luna/servlet/detail/CUB~25~25~9~298143","https://cudl.colorado.edu/MediaManager/srvr?mediafile=/MISC/CUB~25~25/4890/nspc_diePWwoche_009.pdf"
"Die PW Woche: Steimmen aus Lager U. Heimat","Die POW Woche Sonderdruck","Ofw. Albrecht, 8. Kompanie","Local","Still image","http://id.loc.gov/vocabulary/resourceTypes/img","Newsletter","https://id.loc.gov/authorities/genreForms/gf2014026131.html","Camp Carson, Colo. ","1943-08-14","","Weekly","German","https://id.loc.gov/vocabulary/iso639-2/deu.html","ISO649-2","12 pages","weeklies (publications)","http://vocab.getty.edu/aat/300312030","special edition","Germans -- United States -- Newspapers.","http://id.loc.gov/authorities/subjects/sh2009125920","Prisoners of war -- Germany -- Newspapers","http://libraries.colorado.edu/record=b10774696~S3","Propaganda, German","http://id.loc.gov/authorities/subjects/sh85107463","World War, 1939-1945 -- Prisoners and prisons, American -- Newspapers","https://libraries.colorado.edu/search~S3?/dWorld+War%2C+1939-1945+--+Prisoners+and+prisons%2C+Am/dworld+war+++++1939+++++1945+prisoners+and+prisons+american+newspapers/-3,-1,0,B/browse","Fort Carson (Colo.)","http://id.loc.gov/authorities/names/n82075700","nspc_diePWwoche_probeausgabe.pdf","https://cudl.colorado.edu//luna/servlet/detail/CUB~25~25~51~298058","https://ark.colorado.edu/ark:/47540/qd3k9r37m0wn","Special Collections and Archives at the University of Colorado Boulder Libraries","Local","application/pdf","reformatted digital","This Item is protected by copyright and/or related rights. You are free to use this Item in any way that is permitted by the copyright and related rights legislation that applies to your use. For other uses you need to obtain permission from the rights-holder(s).","https://rightsstatements.org/page/InC/1.0/?language=en","51","4890","nspc_diePWwoche_probeausgabe.pdf","https://cudl.colorado.edu//luna/servlet/detail/CUB~25~25~51~298058","https://cudl.colorado.edu/MediaManager/srvr?mediafile=/MISC/CUB~25~25/4890/nspc_diePWwoche_probeausgabe.pdf"
"Die PW Woche: Steimmen aus Lager U. Heimat","Die PW Woche 1. Ausgabe","Ofw. Albrecht, 8. Kompanie","Local","Still image","http://id.loc.gov/vocabulary/resourceTypes/img","Newsletter","https://id.loc.gov/authorities/genreForms/gf2014026131.html","Camp Carson, Colo.","1943-08-21","1","Weekly","German","https://id.loc.gov/vocabulary/iso639-2/deu.html","ISO649-2","20 pages","weeklies (publications)","http://vocab.getty.edu/aat/300312030","From Camp to Home","Germans -- United States -- Newspapers.","http://id.loc.gov/authorities/subjects/sh2009125920","Prisoners of war -- Germany -- Newspapers","http://libraries.colorado.edu/record=b10774696~S3","Propaganda, German","http://id.loc.gov/authorities/subjects/sh85107463","World War, 1939-1945 -- Prisoners and prisons, American -- Newspapers","https://libraries.colorado.edu/search~S3?/dWorld+War%2C+1939-1945+--+Prisoners+and+prisons%2C+Am/dworld+war+++++1939+++++1945+prisoners+and+prisons+american+newspapers/-3,-1,0,B/browse","Fort Carson (Colo.)","http://id.loc.gov/authorities/names/n82075700","nspc_diePWwoche_001.pdf","https://cudl.colorado.edu//luna/servlet/detail/CUB~25~25~1~298155","https://ark.colorado.edu/ark:/47540/076s0270881h","Special Collections and Archives at the University of Colorado Boulder Libraries","Local","application/pdf","reformatted digital","This Item is protected by copyright and/or related rights. You are free to use this Item in any way that is permitted by the copyright and related rights legislation that applies to your use. For other uses you need to obtain permission from the rights-holder(s).","https://rightsstatements.org/page/InC/1.0/?language=en","1","4890","nspc_diePWwoche_001.pdf","https://cudl.colorado.edu//luna/servlet/detail/CUB~25~25~1~298155","https://cudl.colorado.edu/MediaManager/srvr?mediafile=/MISC/CUB~25~25/4890/nspc_diePWwoche_001.pdf"
"Die PW Woche: Steimmen aus Lager U. Heimat","Die PW Woche 2. Ausgabe","Ofw. Albrecht, 8. Kompanie","Local","Still image","http://id.loc.gov/vocabulary/resourceTypes/img","Newsletter","https://id.loc.gov/authorities/genreForms/gf2014026131.html","Camp Carson, Colo","1943-08-28","2","Weekly","German","https://id.loc.gov/vocabulary/iso639-2/deu.html","ISO649-2","20 pages","weeklies (publications)","http://vocab.getty.edu/aat/300312030","From Camp to Home","Germans -- United States -- Newspapers.","http://id.loc.gov/authorities/subjects/sh2009125920","Prisoners of war -- Germany -- Newspapers","http://libraries.colorado.edu/record=b10774696~S3","Propaganda, German","http://id.loc.gov/authorities/subjects/sh85107463","World War, 1939-1945 -- Prisoners and prisons, American -- Newspapers","https://libraries.colorado.edu/search~S3?/dWorld+War%2C+1939-1945+--+Prisoners+and+prisons%2C+Am/dworld+war+++++1939+++++1945+prisoners+and+prisons+american+newspapers/-3,-1,0,B/browse","Fort Carson (Colo.)","http://id.loc.gov/authorities/names/n82075700","nspc_diePWwoche_002.pdf","https://cudl.colorado.edu//luna/servlet/detail/CUB~25~25~2~298153","https://ark.colorado.edu/ark:/47540/h37q3544f3rr","Special Collections and Archives at the University of Colorado Boulder Libraries","Local","application/pdf","reformatted digital","This Item is protected by copyright and/or related rights. You are free to use this Item in any way that is permitted by the copyright and related rights legislation that applies to your use. For other uses you need to obtain permission from the rights-holder(s).","https://rightsstatements.org/page/InC/1.0/?language=en","2","4890","nspc_diePWwoche_002.pdf","https://cudl.colorado.edu//luna/servlet/detail/CUB~25~25~2~298153","https://cudl.colorado.edu/MediaManager/srvr?mediafile=/MISC/CUB~25~25/4890/nspc_diePWwoche_002.pdf"
"Die PW Woche: Steimmen aus Lager U. Heimat","Die PW Woche 3. Ausgabe","Ofw. Albrecht, 8. Kompanie","Local","Still image","http://id.loc.gov/vocabulary/resourceTypes/img","Newsletter","https://id.loc.gov/authorities/genreForms/gf2014026131.html","Camp Carson, Colo","1943-09-04","3","Weekly","German","https://id.loc.gov/vocabulary/iso639-2/deu.html","ISO649-2","20 pages","weeklies (publications)","http://vocab.getty.edu/aat/300312030","From Camp to Home","Germans -- United States -- Newspapers.","http://id.loc.gov/authorities/subjects/sh2009125920","Prisoners of war -- Germany -- Newspapers","http://libraries.colorado.edu/record=b10774696~S3","Propaganda, German","http://id.loc.gov/authorities/subjects/sh85107463","World War, 1939-1945 -- Prisoners and prisons, American -- Newspapers","https://libraries.colorado.edu/search~S3?/dWorld+War%2C+1939-1945+--+Prisoners+and+prisons%2C+Am/dworld+war+++++1939+++++1945+prisoners+and+prisons+american+newspapers/-3,-1,0,B/browse","Fort Carson (Colo.)","http://id.loc.gov/authorities/names/n82075700","nspc_diePWwoche_003.pdf","https://cudl.colorado.edu//luna/servlet/detail/CUB~25~25~3~298151","https://ark.colorado.edu/ark:/47540/nj8h6677p5dr","Special Collections and Archives at the University of Colorado Boulder Libraries","Local","application/pdf","reformatted digital","This Item is protected by copyright and/or related rights. You are free to use this Item in any way that is permitted by the copyright and related rights legislation that applies to your use. For other uses you need to obtain permission from the rights-holder(s).","https://rightsstatements.org/page/InC/1.0/?language=en","3","4890","nspc_diePWwoche_003.pdf","https://cudl.colorado.edu//luna/servlet/detail/CUB~25~25~3~298151","https://cudl.colorado.edu/MediaManager/srvr?mediafile=/MISC/CUB~25~25/4890/nspc_diePWwoche_003.pdf"
"Die PW Woche: Steimmen aus Lager U. Heimat","Die PW Woche 4. Ausgabe","Ofw. Albrecht, 8. Kompanie","Local","Still image","http://id.loc.gov/vocabulary/resourceTypes/img","Newsletter","https://id.loc.gov/authorities/genreForms/gf2014026131.html","Camp Carson, Colo","1943-09-11","4","Weekly","German","https://id.loc.gov/vocabulary/iso639-2/deu.html","ISO649-2","20 pages","weeklies (publications)","http://vocab.getty.edu/aat/300312030","From Camp to Home","Germans -- United States -- Newspapers.","http://id.loc.gov/authorities/subjects/sh2009125920","Prisoners of war -- Germany -- Newspapers","http://libraries.colorado.edu/record=b10774696~S3","Propaganda, German","http://id.loc.gov/authorities/subjects/sh85107463","World War, 1939-1945 -- Prisoners and prisons, American -- Newspapers","https://libraries.colorado.edu/search~S3?/dWorld+War%2C+1939-1945+--+Prisoners+and+prisons%2C+Am/dworld+war+++++1939+++++1945+prisoners+and+prisons+american+newspapers/-3,-1,0,B/browse","Fort Carson (Colo.)","http://id.loc.gov/authorities/names/n82075700","nspc_diePWwoche_004.pdf","https://cudl.colorado.edu//luna/servlet/detail/CUB~25~25~4~298149","https://ark.colorado.edu/ark:/47540/4s605w6335vm","Special Collections and Archives at the University of Colorado Boulder Libraries","Local","application/pdf","reformatted digital","This Item is protected by copyright and/or related rights. You are free to use this Item in any way that is permitted by the copyright and related rights legislation that applies to your use. For other uses you need to obtain permission from the rights-holder(s).","https://rightsstatements.org/page/InC/1.0/?language=en","4","4890","nspc_diePWwoche_004.pdf","https://cudl.colorado.edu//luna/servlet/detail/CUB~25~25~4~298149","https://cudl.colorado.edu/MediaManager/srvr?mediafile=/MISC/CUB~25~25/4890/nspc_diePWwoche_004.pdf"
"Die PW Woche: Steimmen aus Lager U. Heimat","Die PW Woche 5. Ausgabe","Ofw. Albrecht, 8. Kompanie","Local","Still image","http://id.loc.gov/vocabulary/resourceTypes/img","Newsletter","https://id.loc.gov/authorities/genreForms/gf2014026131.html","Camp Carson, Colo","1943-09-18","5","Weekly","German","https://id.loc.gov/vocabulary/iso639-2/deu.html","ISO649-2","22 pages","weeklies (publications)","http://vocab.getty.edu/aat/300312030","From Camp to Home","Germans -- United States -- Newspapers.","http://id.loc.gov/authorities/subjects/sh2009125920","Prisoners of war -- Germany -- Newspapers","http://libraries.colorado.edu/record=b10774696~S3","Propaganda, German","http://id.loc.gov/authorities/subjects/sh85107463","World War, 1939-1945 -- Prisoners and prisons, American -- Newspapers","https://libraries.colorado.edu/search~S3?/dWorld+War%2C+1939-1945+--+Prisoners+and+prisons%2C+Am/dworld+war+++++1939+++++1945+prisoners+and+prisons+american+newspapers/-3,-1,0,B/browse","Fort Carson (Colo.)","http://id.loc.gov/authorities/names/n82075700","nspc_diePWwoche_005.pdf","https://cudl.colorado.edu//luna/servlet/detail/CUB~25~25~5~298147","https://ark.colorado.edu/ark:/47540/qq0g2904v1nd","Special Collections and Archives at the University of Colorado Boulder Libraries","Local","application/pdf","reformatted digital","This Item is protected by copyright and/or related rights. You are free to use this Item in any way that is permitted by the copyright and related rights legislation that applies to your use. For other uses you need to obtain permission from the rights-holder(s).","https://rightsstatements.org/page/InC/1.0/?language=en","5","4890","nspc_diePWwoche_005.pdf","https://cudl.colorado.edu//luna/servlet/detail/CUB~25~25~5~298147","https://cudl.colorado.edu/MediaManager/srvr?mediafile=/MISC/CUB~25~25/4890/nspc_diePWwoche_005.pdf"
"Die PW Woche: Steimmen aus Lager U. Heimat","Die PW Woche 6. Ausgabe","Ofw. Albrecht, 8. Kompanie","Local","Still image","http://id.loc.gov/vocabulary/resourceTypes/img","Newsletter","https://id.loc.gov/authorities/genreForms/gf2014026131.html","Camp Carson, Colo","1943-09-25","6","Weekly","German","https://id.loc.gov/vocabulary/iso639-2/deu.html","ISO649-2","20 pages","weeklies (publications)","http://vocab.getty.edu/aat/300312030","From Camp to Home","Germans -- United States -- Newspapers.","http://id.loc.gov/authorities/subjects/sh2009125920","Prisoners of war -- Germany -- Newspapers","http://libraries.colorado.edu/record=b10774696~S3","Propaganda, German","http://id.loc.gov/authorities/subjects/sh85107463","World War, 1939-1945 -- Prisoners and prisons, American -- Newspapers","https://libraries.colorado.edu/search~S3?/dWorld+War%2C+1939-1945+--+Prisoners+and+prisons%2C+Am/dworld+war+++++1939+++++1945+prisoners+and+prisons+american+newspapers/-3,-1,0,B/browse","Fort Carson (Colo.)","http://id.loc.gov/authorities/names/n82075700","nspc_diePWwoche_006.pdf","https://cudl.colorado.edu//luna/servlet/detail/CUB~25~25~6~298157","https://ark.colorado.edu/ark:/47540/rs0k1h89866p","Special Collections and Archives at the University of Colorado Boulder Libraries","Local","application/pdf","reformatted digital","This Item is protected by copyright and/or related rights. You are free to use this Item in any way that is permitted by the copyright and related rights legislation that applies to your use. For other uses you need to obtain permission from the rights-holder(s).","https://rightsstatements.org/page/InC/1.0/?language=en","6","4890","nspc_diePWwoche_006.pdf","https://cudl.colorado.edu//luna/servlet/detail/CUB~25~25~6~298157","https://cudl.colorado.edu/MediaManager/srvr?mediafile=/MISC/CUB~25~25/4890/nspc_diePWwoche_006.pdf"
"Die PW Woche: Steimmen aus Lager U. Heimat","Die PW Woche 7. Ausgabe","Ofw. Albrecht, 8. Kompanie","Local","Still image","http://id.loc.gov/vocabulary/resourceTypes/img","Newsletter","https://id.loc.gov/authorities/genreForms/gf2014026131.html","Camp Carson, Colo","1943-10-02","7","Weekly","German","https://id.loc.gov/vocabulary/iso639-2/deu.html","ISO649-2","20 pages","weeklies (publications)","http://vocab.getty.edu/aat/300312030","From Camp to Home","Germans -- United States -- Newspapers.","http://id.loc.gov/authorities/subjects/sh2009125920","Prisoners of war -- Germany -- Newspapers","http://libraries.colorado.edu/record=b10774696~S3","Propaganda, German","http://id.loc.gov/authorities/subjects/sh85107463","World War, 1939-1945 -- Prisoners and prisons, American -- Newspapers","https://libraries.colorado.edu/search~S3?/dWorld+War%2C+1939-1945+--+Prisoners+and+prisons%2C+Am/dworld+war+++++1939+++++1945+prisoners+and+prisons+american+newspapers/-3,-1,0,B/browse","Fort Carson (Colo.)","http://id.loc.gov/authorities/names/n82075700","nspc_diePWwoche_007.pdf","https://cudl.colorado.edu//luna/servlet/detail/CUB~25~25~7~298145","https://ark.colorado.edu/ark:/47540/5h0j6h63p4bk","Special Collections and Archives at the University of Colorado Boulder Libraries","Local","application/pdf","reformatted digital","This Item is protected by copyright and/or related rights. You are free to use this Item in any way that is permitted by the copyright and related rights legislation that applies to your use. For other uses you need to obtain permission from the rights-holder(s).","https://rightsstatements.org/page/InC/1.0/?language=en","7","4890","nspc_diePWwoche_007.pdf","https://cudl.colorado.edu//luna/servlet/detail/CUB~25~25~7~298145","https://cudl.colorado.edu/MediaManager/srvr?mediafile=/MISC/CUB~25~25/4890/nspc_diePWwoche_007.pdf"
"Die PW Woche: Steimmen aus Lager U. Heimat","Die PW Woche 8. Ausgabe","Ofw. Albrecht, 8. Kompanie","Local","Still image","http://id.loc.gov/vocabulary/resourceTypes/img","Newsletter","https://id.loc.gov/authorities/genreForms/gf2014026131.html","Camp Carson, Colo. ","1943-10-09","8","Weekly","German","https://id.loc.gov/vocabulary/iso639-2/deu.html","ISO649-2","20 pages","weeklies (publications)","http://vocab.getty.edu/aat/300312030","From Camp to Home","Germans -- United States -- Newspapers.","http://id.loc.gov/authorities/subjects/sh2009125920","Prisoners of war -- Germany -- Newspapers","http://libraries.colorado.edu/record=b10774696~S3","Propaganda, German","http://id.loc.gov/authorities/subjects/sh85107463","World War, 1939-1945 -- Prisoners and prisons, American -- Newspapers","https://libraries.colorado.edu/search~S3?/dWorld+War%2C+1939-1945+--+Prisoners+and+prisons%2C+Am/dworld+war+++++1939+++++1945+prisoners+and+prisons+american+newspapers/-3,-1,0,B/browse","Fort Carson (Colo.)","http://id.loc.gov/authorities/names/n82075700","nspc_diePWwoche_008.pdf","https://cudl.colorado.edu//luna/servlet/detail/CUB~25~25~8~298159","https://ark.colorado.edu/ark:/47540/n8766w11277p","Special Collections and Archives at the University of Colorado Boulder Libraries","Local","application/pdf","reformatted digital","This Item is protected by copyright and/or related rights. You are free to use this Item in any way that is permitted by the copyright and related rights legislation that applies to your use. For other uses you need to obtain permission from the rights-holder(s).","https://rightsstatements.org/page/InC/1.0/?language=en","8","4890","nspc_diePWwoche_008.pdf","https://cudl.colorado.edu//luna/servlet/detail/CUB~25~25~8~298159","https://cudl.colorado.edu/MediaManager/srvr?mediafile=/MISC/CUB~25~25/4890/nspc_diePWwoche_008.pdf"
"Die PW Woche: Steimmen aus Lager U. Heimat","Kriegs-Deihnacht","Ofw. Albrecht, 8. Kompanie","Local","Still image","http://id.loc.gov/vocabulary/resourceTypes/img","Newsletter","https://id.loc.gov/authorities/genreForms/gf2014026131.html","Camp Carson, Colo. ","1943","","Weekly","German","https://id.loc.gov/vocabulary/iso639-2/deu.html","ISO649-2","22 pages","weeklies (publications)","http://vocab.getty.edu/aat/300312030","War on Christmas night","Christmas","http://id.loc.gov/authorities/subjects/sh85025303","Prisoners of war -- Germany -- Newspapers","http://libraries.colorado.edu/record=b10774696~S3","Propaganda, German","http://id.loc.gov/authorities/subjects/sh85107463","Germans -- United States -- Newspapers.","http://id.loc.gov/authorities/subjects/sh2009125920","Fort Carson (Colo.)","http://id.loc.gov/authorities/names/n82075700","nspc_diePWwoche_kriegsMeihnacht1943.pdf","https://cudl.colorado.edu//luna/servlet/detail/CUB~25~25~50~298060","https://ark.colorado.edu/ark:/47540/zd20972147fm","Special Collections and Archives at the University of Colorado Boulder Libraries","Local","application/pdf","reformatted digital","This Item is protected by copyright and/or related rights. You are free to use this Item in any way that is permitted by the copyright and related rights legislation that applies to your use. For other uses you need to obtain permission from the rights-holder(s).","https://rightsstatements.org/page/InC/1.0/?language=en","50","4890","nspc_diePWwoche_kriegsMeihnacht1943.pdf","https://cudl.colorado.edu//luna/servlet/detail/CUB~25~25~50~298060","https://cudl.colorado.edu/MediaManager/srvr?mediafile=/MISC/CUB~25~25/4890/nspc_diePWwoche_kriegsMeihnacht1943.pdf"
